benchmark,selected,solved,runtime
BV/2017-Preiner-UltimateAutomizer/Primes_true-unreach-call.c_597.smt2,Z3alpha,1,0.2794956730213016
BV/2017-Preiner-UltimateAutomizer/Primes_true-unreach-call.c_673.smt2,Z3alpha,1,0.3026430020108819
BV/2017-Preiner-keymaera/ETCS-essentials-live-range2.proof-node577.smt2,Bitwuzla,1,0.3371134859044105
BV/2017-Preiner-keymaera/bouncing-ball-inv-node6249.smt2,Bitwuzla,1,0.2677068149205297
BV/2017-Preiner-keymaera/bouncing-ball-simple-node5587.smt2,Bitwuzla,1,1.113899369025603
BV/2017-Preiner-keymaera/bouncing-ball-simple-node5980.smt2,Bitwuzla,1,0.23159639281220734
BV/2017-Preiner-keymaera/bouncing-ball-simple-node5981.smt2,Bitwuzla,1,0.4975911208894104
BV/2017-Preiner-keymaera/controllability-lemma-disturbed.proof-node770.smt2,Bitwuzla,1,0.26562944892793894
BV/2017-Preiner-keymaera/dynamic_reaction_to_static_bounds.proof-node849.smt2,Z3alpha,1,0.6135553419589996
BV/2017-Preiner-keymaera/intersection-example-onelane.proof-node13832.smt2,Z3alpha,1,0.32191950478591025
BV/2017-Preiner-keymaera/intersection-example-onelane.proof-node17882.smt2,Bitwuzla,1,0.3402384170331061
BV/2017-Preiner-keymaera/intersection-example-onelane.proof-node21162.smt2,YicesQS,1,0.5541555481031537
BV/2017-Preiner-keymaera/intersection-example-onelane.proof-node21762.smt2,YicesQS,1,0.24197452887892723
BV/2017-Preiner-keymaera/intersection-example-onelane.proof-node29839.smt2,Bitwuzla,1,0.2752220209222287
BV/2017-Preiner-keymaera/intersection-example-onelane.proof-node30209.smt2,YicesQS,1,0.9534775919746608
BV/2017-Preiner-keymaera/intersection-example-onelane.proof-node34026.smt2,Bitwuzla,1,0.3087890020105988
BV/2017-Preiner-keymaera/intersection-example-onelane.proof-node38802.smt2,Bitwuzla,1,0.3767048760782927
BV/2017-Preiner-keymaera/intersection-example-onelane.proof-node39725.smt2,YicesQS,1,0.302356141153723
BV/2017-Preiner-keymaera/intersection-example-onelane.proof-node43329.smt2,Bitwuzla,1,0.3278720239177346
BV/2017-Preiner-keymaera/intersection-example-onelane.proof-node44538.smt2,Bitwuzla,1,0.32651725597679615
BV/2017-Preiner-keymaera/intersection-example-onelane.proof-node46832.smt2,YicesQS,1,0.3726570000872016
BV/2017-Preiner-keymaera/intersection-example-onelane.proof-node48396.smt2,YicesQS,1,0.27205093391239643
BV/2017-Preiner-keymaera/intersection-example-onelane.proof-node54870.smt2,Z3alpha,1,4.778305426007137
BV/2017-Preiner-keymaera/intersection-example-onelane.proof-node5581.smt2,YicesQS,1,0.5879672630690038
BV/2017-Preiner-keymaera/intersection-example-simple.proof-node151296.smt2,cvc5,1,0.23770761815831065
BV/2017-Preiner-keymaera/intersection-example-simple.proof-node152942.smt2,cvc5,1,0.2557028641458601
BV/2017-Preiner-keymaera/intersection-example-simple.proof-node156618.smt2,cvc5,1,0.24764955486170948
BV/2017-Preiner-keymaera/intersection-example-simple.proof-node166425.smt2,cvc5,1,0.2225006918888539
BV/2017-Preiner-keymaera/intersection-example-simple.proof-node171004.smt2,cvc5,1,0.23551044892519712
BV/2017-Preiner-keymaera/intersection-example-simple.proof-node171228.smt2,cvc5,1,0.2508618168067187
BV/2017-Preiner-keymaera/intersection-example-simple.proof-node171778.smt2,cvc5,1,0.22305674408562481
BV/2017-Preiner-keymaera/intersection-example-simple.proof-node172099.smt2,cvc5,1,0.25160538009367883
BV/2017-Preiner-keymaera/intersection-example-simple.proof-node173665.smt2,cvc5,1,0.22297537582926452
BV/2017-Preiner-keymaera/intersection-example-simple.proof-node189817.smt2,cvc5,1,0.22475015092641115
BV/2017-Preiner-keymaera/intersection-example-simple.proof-node198058.smt2,cvc5,1,0.24147351202555
BV/2017-Preiner-keymaera/intersection-example-simple.proof-node247731.smt2,cvc5,1,0.2432234960142523
BV/2017-Preiner-keymaera/intersection-example-simple.proof-node249484.smt2,cvc5,1,0.24608301417902112
BV/2017-Preiner-keymaera/intersection-example-simple.proof-node250605.smt2,cvc5,1,0.22519020596519113
BV/2017-Preiner-keymaera/intersection-example-simple.proof-node267578.smt2,cvc5,1,0.2211563792079687
BV/2017-Preiner-keymaera/intersection-example-simple.proof-node270758.smt2,cvc5,1,0.23092015320435166
BV/2017-Preiner-keymaera/intersection-example-simple.proof-node271565.smt2,cvc5,1,0.2224122891202569
BV/2017-Preiner-keymaera/intersection-example-simple.proof-node287501.smt2,cvc5,1,0.222735843854025
BV/2017-Preiner-keymaera/intersection-example-simple.proof-node288860.smt2,cvc5,1,0.2567645169328898
BV/2017-Preiner-keymaera/intersection-example-simple.proof-node290877.smt2,cvc5,1,0.24152052495628595
BV/2017-Preiner-keymaera/intersection-example-simple.proof-node295273.smt2,cvc5,1,0.2213766050990671
BV/2017-Preiner-keymaera/intersection-example-simple.proof-node346919.smt2,cvc5,1,0.22095011197961867
BV/2017-Preiner-keymaera/intersection-example-simple.proof-node347403.smt2,cvc5,1,0.2258184899110347
BV/2017-Preiner-keymaera/intersection-example-simple.proof-node351044.smt2,cvc5,1,0.2216149161104113
BV/2017-Preiner-keymaera/intersection-example-simple.proof-node351731.smt2,cvc5,1,0.22257404099218547
BV/2017-Preiner-keymaera/intersection-example-simple.proof-node351935.smt2,cvc5,1,0.22162647312507033
BV/2017-Preiner-keymaera/intersection-example-simple.proof-node362512.smt2,cvc5,1,0.22247326793149114
BV/2017-Preiner-keymaera/intersection-example-simple.proof-node365013.smt2,cvc5,1,0.25185925397090614
BV/2017-Preiner-keymaera/intersection-example-simple.proof-node367444.smt2,cvc5,1,0.2519493568688631
BV/2017-Preiner-keymaera/intersection-example-simple.proof-node385140.smt2,cvc5,1,0.22249250183813274
BV/2017-Preiner-keymaera/intersection-example-simple.proof-node389285.smt2,cvc5,1,0.22380880499258637
BV/2017-Preiner-keymaera/intersection-example-simple.proof-node392295.smt2,cvc5,1,0.2381167341955006
BV/2017-Preiner-keymaera/intersection-example-simple.proof-node403505.smt2,cvc5,1,0.2217713911086321
BV/2017-Preiner-keymaera/intersection-example-simple.proof-node459232.smt2,cvc5,1,0.23506016400642693
BV/2017-Preiner-keymaera/intersection-example-simple.proof-node479629.smt2,cvc5,1,0.2513783348258585
BV/2017-Preiner-keymaera/intersection-example-simple.proof-node488451.smt2,cvc5,1,0.22051994013600051
BV/2017-Preiner-keymaera/intersection-example-simple.proof-node488920.smt2,cvc5,1,0.2210498268250376
BV/2017-Preiner-keymaera/intersection-example-simple.proof-node52492.smt2,cvc5,1,0.22494902508333325
BV/2017-Preiner-keymaera/intersection-example-simple.proof-node548277.smt2,cvc5,1,0.22274550003930926
BV/2017-Preiner-keymaera/intersection-example-simple.proof-node54865.smt2,cvc5,1,0.2227158599998802
BV/2017-Preiner-keymaera/intersection-example-simple.proof-node550289.smt2,cvc5,1,0.22132089780643582
BV/2017-Preiner-keymaera/intersection-example-simple.proof-node559637.smt2,cvc5,1,0.22044237982481718
BV/2017-Preiner-keymaera/intersection-example-simple.proof-node560330.smt2,cvc5,1,0.22281179204583168
BV/2017-Preiner-keymaera/intersection-example-simple.proof-node560442.smt2,cvc5,1,0.22317697410471737
BV/2017-Preiner-keymaera/intersection-example-simple.proof-node561425.smt2,cvc5,1,0.22565594082698226
BV/2017-Preiner-keymaera/intersection-example-simple.proof-node561875.smt2,cvc5,1,0.2278857717756182
BV/2017-Preiner-keymaera/intersection-example-simple.proof-node601999.smt2,cvc5,1,0.2416148530319333
BV/2017-Preiner-keymaera/intersection-example-simple.proof-node602111.smt2,cvc5,1,0.22225983603857458
BV/2017-Preiner-keymaera/intersection-example-simple.proof-node605722.smt2,cvc5,1,0.2522262001875788
BV/2017-Preiner-keymaera/intersection-example-simple.proof-node606132.smt2,cvc5,1,0.23042351403273642
BV/2017-Preiner-keymaera/intersection-example-simple.proof-node606769.smt2,cvc5,1,0.22062621801160276
BV/2017-Preiner-keymaera/intersection-example-simple.proof-node618750.smt2,cvc5,1,0.22308687679469585
BV/2017-Preiner-keymaera/intersection-example-simple.proof-node619900.smt2,cvc5,1,0.22758331592194736
BV/2017-Preiner-keymaera/intersection-example-simple.proof-node621704.smt2,cvc5,1,0.22312323609367013
BV/2017-Preiner-keymaera/intersection-example-simple.proof-node630639.smt2,cvc5,1,0.23875742009840906
BV/2017-Preiner-keymaera/intersection-example-simple.proof-node631857.smt2,cvc5,1,0.22795657091774046
BV/2017-Preiner-keymaera/intersection-example-simple.proof-node632728.smt2,cvc5,1,0.23964595794677734
BV/2017-Preiner-keymaera/intersection-example-simple.proof-node633178.smt2,cvc5,1,0.22278296994045377
BV/2017-Preiner-keymaera/intersection-example-simple.proof-node673526.smt2,cvc5,1,0.2529152650386095
BV/2017-Preiner-keymaera/intersection-example-simple.proof-node674535.smt2,cvc5,1,0.22096350602805614
BV/2017-Preiner-keymaera/intersection-example-simple.proof-node677435.smt2,cvc5,1,0.2226830217987299
BV/2017-Preiner-keymaera/intersection-example-simple.proof-node682293.smt2,cvc5,1,0.2225723979063332
BV/2017-Preiner-keymaera/intersection-example-simple.proof-node703624.smt2,cvc5,1,0.22150859609246254
BV/2017-Preiner-keymaera/intersection-example-simple.proof-node719994.smt2,cvc5,1,0.2223308200482279
BV/2017-Preiner-keymaera/intersection-example-simple.proof-node732160.smt2,cvc5,1,0.22480295202694833
BV/2017-Preiner-keymaera/intersection-example-simple.proof-node733082.smt2,cvc5,1,0.2218917259015143
BV/2017-Preiner-keymaera/intersection-example-simple.proof-node95128.smt2,cvc5,1,0.2308895371388644
BV/2017-Preiner-keymaera/intersection-example-simple.proof-node99874.smt2,cvc5,1,0.22163751698099077
BV/2017-Preiner-keymaera/intersection-example-simple.proof-node99986.smt2,cvc5,1,0.2482962729409337
BV/2017-Preiner-keymaera/train_goal3-node5717.smt2,Bitwuzla,1,1.9243851089850068
BV/2017-Preiner-keymaera/train_goal6-node8607.smt2,Bitwuzla,1,0.6963964328169823
BV/2017-Preiner-keymaera/vsl.proof-node1722.smt2,Bitwuzla,1,1.783142029074952
BV/2017-Preiner-keymaera/vsl.proof-node2228.smt2,Bitwuzla,1,2.3738926781807095
BV/2017-Preiner-psyco/026.smt2,YicesQS,1,0.43918098392896354
BV/2017-Preiner-psyco/045.smt2,Bitwuzla,1,0.8734177900478244
BV/2017-Preiner-psyco/052.smt2,Bitwuzla,1,0.6046277040150017
BV/2017-Preiner-psyco/079.smt2,YicesQS,1,0.4566464291419834
BV/2017-Preiner-psyco/086.smt2,Bitwuzla,1,0.5257524091284722
BV/2017-Preiner-psyco/110.smt2,Bitwuzla,1,0.35736953280866146
BV/2017-Preiner-psyco/113.smt2,YicesQS,1,0.26799706812016666
BV/2017-Preiner-psyco/119.smt2,YicesQS,1,0.2829377318266779
BV/2017-Preiner-psyco/121.smt2,YicesQS,1,0.3423498501069844
BV/2017-Preiner-psyco/167.smt2,YicesQS,1,0.2525651599280536
BV/2017-Preiner-scholl-smt08/RND/RND_3_13.smt2,Z3alpha,1,4.396205311175436
BV/2017-Preiner-scholl-smt08/RND/RND_3_15.smt2,Bitwuzla,1,0.28373666596598923
BV/2017-Preiner-scholl-smt08/RND/RND_3_29.smt2,YicesQS,1,0.31636994681321084
BV/2017-Preiner-scholl-smt08/RND/RND_3_7.smt2,Z3alpha,1,0.321357605047524
BV/2017-Preiner-scholl-smt08/RND/RND_3_8.smt2,Z3alpha,1,0.3933495481032878
BV/2017-Preiner-scholl-smt08/RND/RND_4_1.smt2,Bitwuzla,1,109.95931771607138
BV/2017-Preiner-scholl-smt08/RND/RND_4_22.smt2,YicesQS,1,18.969214103883132
BV/2017-Preiner-scholl-smt08/RND/RND_4_24.smt2,YicesQS,1,1.2905932529829443
BV/2017-Preiner-scholl-smt08/RND/RND_4_27.smt2,YicesQS,0,1201.7223166630138
BV/2017-Preiner-scholl-smt08/RND/RND_6_16.smt2,cvc5,1,1.9247855108696967
BV/2017-Preiner-scholl-smt08/RND/RND_6_26.smt2,cvc5,0,1201.7209378699772
BV/2017-Preiner-scholl-smt08/RND/RND_6_30.smt2,YicesQS,1,411.64202633406967
BV/2017-Preiner-scholl-smt08/RNDPRE/RNDPRE_3_29.smt2,Z3alpha,1,0.3603473899420351
BV/2017-Preiner-scholl-smt08/RNDPRE/RNDPRE_3_43.smt2,Z3alpha,1,0.28602492599748075
BV/2017-Preiner-scholl-smt08/RNDPRE/RNDPRE_3_51.smt2,Bitwuzla,1,1111.7790014739148
BV/2017-Preiner-scholl-smt08/RNDPRE/RNDPRE_3_55.smt2,Bitwuzla,1,1.9835380939766765
BV/2017-Preiner-scholl-smt08/RNDPRE/RNDPRE_3_60.smt2,Bitwuzla,1,44.054412961006165
BV/2017-Preiner-scholl-smt08/RNDPRE/RNDPRE_4_32.smt2,YicesQS,1,0.3767375028692186
BV/2017-Preiner-scholl-smt08/RNDPRE/RNDPRE_4_35.smt2,YicesQS,1,701.2091840198264
BV/2017-Preiner-scholl-smt08/RNDPRE/RNDPRE_4_38.smt2,cvc5,0,1201.7425502559636
BV/2017-Preiner-scholl-smt08/RNDPRE/RNDPRE_4_49.smt2,YicesQS,1,701.4024753058329
BV/2017-Preiner-scholl-smt08/RNDPRE/RNDPRE_4_55.smt2,YicesQS,1,0.7101773761678487
BV/2017-Preiner-scholl-smt08/RNDPRE/RNDPRE_4_58.smt2,YicesQS,1,709.1490236849058
BV/2017-Preiner-scholl-smt08/RNDPRE/RNDPRE_4_66.smt2,YicesQS,0,1201.7217910250183
BV/2017-Preiner-scholl-smt08/RNDPRE/RNDPRE_4_68.smt2,YicesQS,1,0.594870890956372
BV/2017-Preiner-scholl-smt08/model/model_5_11.smt2,Z3alpha,1,0.27040792093612254
BV/2017-Preiner-scholl-smt08/model/model_5_14.smt2,Bitwuzla,1,0.2746698330156505
BV/2017-Preiner-scholl-smt08/model/model_5_3.smt2,Z3alpha,1,0.27589119505137205
BV/2017-Preiner-scholl-smt08/model/model_5_33.smt2,Bitwuzla,1,0.25928789004683495
BV/2017-Preiner-scholl-smt08/model/model_5_34.smt2,Bitwuzla,1,0.2794512079562992
BV/2017-Preiner-scholl-smt08/model/model_5_36.smt2,Bitwuzla,1,0.2865736880339682
BV/2017-Preiner-scholl-smt08/model/model_5_37.smt2,Bitwuzla,1,0.28987265285104513
BV/2017-Preiner-scholl-smt08/model/model_5_50.smt2,Bitwuzla,1,0.253642647061497
BV/2017-Preiner-scholl-smt08/model/model_5_63.smt2,Bitwuzla,1,0.2766689551062882
BV/2017-Preiner-scholl-smt08/model/model_5_64.smt2,Bitwuzla,1,0.29536409699358046
BV/2017-Preiner-scholl-smt08/model/model_6_26.smt2,Bitwuzla,1,0.2698775960598141
BV/2017-Preiner-scholl-smt08/model/model_6_33.smt2,Bitwuzla,1,0.23802110203541815
BV/2017-Preiner-scholl-smt08/model/model_6_40.smt2,Bitwuzla,1,0.26052431389689445
BV/2017-Preiner-scholl-smt08/model/model_6_55.smt2,Bitwuzla,1,0.26215188298374414
BV/2017-Preiner-scholl-smt08/model/model_6_69.smt2,Bitwuzla,1,0.25854655099101365
BV/2017-Preiner-scholl-smt08/model/model_6_76.smt2,Bitwuzla,1,0.28798686899244785
BV/2017-Preiner-scholl-smt08/model/model_6_9.smt2,Bitwuzla,1,0.22081645182333887
BV/20170501-Heizmann-UltimateAutomizer/jain_1_true-unreach-call_true-no-overflow.i_407.smt2,cvc5,1,0.24057482997886837
BV/20170501-Heizmann-UltimateAutomizer/jain_1_true-unreach-call_true-no-overflow.i_408.smt2,cvc5,1,0.2788319941610098
BV/20170501-Heizmann-UltimateAutomizer/jain_2_true-unreach-call_true-no-overflow.i_434.smt2,cvc5,1,0.605467809131369
BV/20170501-Heizmann-UltimateAutomizer/jain_2_true-unreach-call_true-no-overflow.i_461.smt2,cvc5,1,0.7975296929944307
BV/20170501-Heizmann-UltimateAutomizer/jain_4_true-unreach-call_true-no-overflow.i_198.smt2,cvc5,1,547.4196193229873
BV/20170501-Heizmann-UltimateAutomizer/jain_4_true-unreach-call_true-no-overflow.i_342.smt2,cvc5,1,2.621606935048476
BV/20170501-Heizmann-UltimateAutomizer/jain_4_true-unreach-call_true-no-overflow.i_461.smt2,cvc5,1,1.2333292558323592
BV/20170501-Heizmann-UltimateAutomizer/jain_6_true-unreach-call_true-no-overflow.i_200.smt2,cvc5,1,14.119023908860981
BV/20170501-Heizmann-UltimateAutomizer/jain_6_true-unreach-call_true-no-overflow.i_225.smt2,cvc5,1,3.4095759470947087
BV/20170501-Heizmann-UltimateAutomizer/jain_6_true-unreach-call_true-no-overflow.i_387.smt2,cvc5,1,1.6452226340770721
BV/20170501-Heizmann-UltimateAutomizer/jain_6_true-unreach-call_true-no-overflow.i_432.smt2,cvc5,1,1.3527048910036683
BV/20170501-Heizmann-UltimateAutomizer/jain_6_true-unreach-call_true-no-overflow.i_433.smt2,cvc5,1,2.924235495040193
BV/20170501-Heizmann-UltimateAutomizer/jain_6_true-unreach-call_true-no-overflow.i_434.smt2,cvc5,1,1.68353700498119
BV/20170501-Heizmann-UltimateAutomizer/jain_7_true-unreach-call_true-no-overflow.i_307.smt2,cvc5,1,1.0668438652064651
BV/20170501-Heizmann-UltimateAutomizer/jain_7_true-unreach-call_true-no-overflow.i_476.smt2,cvc5,1,0.6999147399328649
BV/20170501-Heizmann-UltimateAutomizer/sum02_false-unreach-call_true-no-overflow.i_336.smt2,cvc5,1,240.331289304886
BV/2018-Preiner-cav18/check_bvsge_bvshl0_32bit.smt2,Bitwuzla,1,0.5220360141247511
BV/2018-Preiner-cav18/check_bvsge_bvudiv1_64bit.smt2,Bitwuzla,1,1.6495402350556105
BV/2018-Preiner-cav18/check_bvsge_bvurem0_64bit.smt2,Bitwuzla,1,0.28933485015295446
BV/2018-Preiner-cav18/check_bvsgt_bvmul_32bit.smt2,Bitwuzla,0,1201.3248846339993
BV/2018-Preiner-cav18/check_bvsle_bvashr1_32bit.smt2,Bitwuzla,1,0.22785640694200993
BV/2018-Preiner-cav18/check_bvsle_bvlshr0_4bit.smt2,YicesQS,1,0.2209807550534606
BV/2018-Preiner-cav18/check_bvsle_bvlshr0_64bit.smt2,YicesQS,1,0.22507096105255187
BV/2018-Preiner-cav18/check_bvsle_bvmul_64bit.smt2,Bitwuzla,0,1201.3237531490158
BV/2018-Preiner-cav18/check_bvsle_bvshl1_64bit.smt2,YicesQS,1,0.2498475071042776
BV/2018-Preiner-cav18/check_bvsle_bvudiv1_64bit.smt2,Bitwuzla,1,0.4013781070243567
BV/2018-Preiner-cav18/check_bvslt_bvudiv0_32bit.smt2,Bitwuzla,1,0.3826729101128876
BV/2018-Preiner-cav18/check_bvslt_bvurem0_32bit.smt2,Bitwuzla,1,1.0193141070194542
BV/2018-Preiner-cav18/check_bvuge_bvshl1_32bit.smt2,Bitwuzla,1,0.44115944602526724
BV/2018-Preiner-cav18/check_bvuge_bvurem1_64bit.smt2,Bitwuzla,1,0.556692830985412
BV/2018-Preiner-cav18/check_bvugt_bvconcat0_2_64bit.smt2,cvc5,1,0.22456075507216156
BV/2018-Preiner-cav18/check_bvugt_bvconcat0_62_4bit.smt2,cvc5,1,0.2886673060711473
BV/2018-Preiner-cav18/check_bvugt_bvconcat0_64_64bit.smt2,cvc5,1,0.3013133630156517
BV/2018-Preiner-cav18/check_bvule_bvashr1_32bit.smt2,Bitwuzla,1,0.26133978203870356
BV/2018-Preiner-cav18/check_bvult_bvadd_32bit.smt2,Bitwuzla,0,1201.2879080870189
BV/2018-Preiner-cav18/check_bvult_bvashr1_64bit.smt2,Bitwuzla,1,0.26563211088068783
BV/2018-Preiner-cav18/check_bvult_bvurem1_64bit.smt2,Bitwuzla,1,0.232931821141392
BV/2018-Preiner-cav18/check_eq_bvmul_64bit.smt2,YicesQS,1,0.3312441420275718
BV/2018-Preiner-cav18/check_eq_bvshl0_64bit.smt2,Bitwuzla,1,0.5172926869709045
BV/2018-Preiner-cav18/check_ne_bvudiv0_32bit.smt2,Bitwuzla,1,0.2330770220141858
BV/2018-Preiner-cav18/check_ne_bvurem1_32bit.smt2,Bitwuzla,1,0.28729094192385674
BV/20190429-UltimateAutomizerSvcomp2019/float_req_bl_0730b_true-unreach-call.c_28.smt2,cvc5,1,0.23003348195925355
BV/20190429-UltimateAutomizerSvcomp2019/float_req_bl_0730b_true-unreach-call.c_36.smt2,Bitwuzla,1,0.218160460004583
BV/20190429-UltimateAutomizerSvcomp2019/jain_2_true-unreach-call_true-no-overflow_false-termination.i_13.smt2,cvc5,1,0.6629070909693837
BV/20190429-UltimateAutomizerSvcomp2019/jain_2_true-unreach-call_true-no-overflow_false-termination.i_17.smt2,cvc5,1,0.8282703261356801
BV/20190429-UltimateAutomizerSvcomp2019/jain_2_true-unreach-call_true-no-overflow_false-termination.i_9.smt2,cvc5,1,151.0480811370071
BV/20190429-UltimateAutomizerSvcomp2019/jain_6_true-unreach-call_true-no-overflow_false-termination.i_1.smt2,YicesQS,1,0.22466101218014956
BV/20190429-UltimateAutomizerSvcomp2019/jain_6_true-unreach-call_true-no-overflow_false-termination.i_17.smt2,cvc5,1,2.5948700760491192
BV/20190429-UltimateAutomizerSvcomp2019/jain_6_true-unreach-call_true-no-overflow_false-termination.i_8.smt2,cvc5,1,0.25316225714050233
BV/20190429-UltimateAutomizerSvcomp2019/jain_7_true-unreach-call_true-no-overflow_false-termination.i_10.smt2,cvc5,1,0.2478582749608904
BV/20190429-UltimateAutomizerSvcomp2019/jain_7_true-unreach-call_true-no-overflow_false-termination.i_15.smt2,cvc5,1,2.0579100230243057
BV/20190429-UltimateAutomizerSvcomp2019/jain_7_true-unreach-call_true-no-overflow_false-termination.i_18.smt2,cvc5,1,1.1864011310972273
BV/20190429-UltimateAutomizerSvcomp2019/jain_7_true-unreach-call_true-no-overflow_false-termination.i_5.smt2,cvc5,1,0.26096036401577294
BV/20190429-UltimateAutomizerSvcomp2019/jain_7_true-unreach-call_true-no-overflow_false-termination.i_9.smt2,cvc5,1,0.2480521248653531
BV/20190429-UltimateAutomizerSvcomp2019/soft_float_4_true-unreach-call_true-no-overflow_true-termination.c.cil.c_3.smt2,Bitwuzla,0,1201.2311529710423
BV/2020-Preiner-fmcad20/cons/check_cc_bvashr_x_s_32.smt2,Bitwuzla,1,26.15615093195811
BV/2020-Preiner-fmcad20/cons/check_cc_bvashr_x_s_64.smt2,Bitwuzla,1,190.5647722010035
BV/2020-Preiner-fmcad20/cons/check_cc_bvlshr_x_s_4.smt2,Bitwuzla,1,0.2553583949338645
BV/2020-Preiner-fmcad20/cons/check_cc_bvsge_s_x_64.smt2,Bitwuzla,1,0.2182795258704573
BV/2020-Preiner-fmcad20/cons/check_cc_bvuge_s_x_32.smt2,Bitwuzla,1,0.24951688712462783
BV/2020-Preiner-fmcad20/cons/check_cc_bvxor_x_s_32.smt2,Bitwuzla,0,1201.255389292026
BV/2020-Preiner-fmcad20/cons/check_cc_distinct_x_s_32.smt2,Bitwuzla,1,0.22542947507463396
BV/2020-Preiner-fmcad20/cons/check_cc_x_s_32.smt2,Bitwuzla,1,0.2297402808908373
BV/2020-Preiner-fmcad20/cons/check_cc_x_s_64.smt2,Bitwuzla,1,0.22458148282021284
BV/2020-Preiner-fmcad20/inv/check_ic_bvmul_x_s_4.smt2,Bitwuzla,1,0.3735828120261431
BV/2020-Preiner-fmcad20/inv/check_ic_bvsge_s_x_4.smt2,Bitwuzla,1,0.22353046108037233
BV/2020-Preiner-fmcad20/inv/check_ic_bvsge_x_s_4.smt2,Bitwuzla,1,0.24526702612638474
BV/2020-Preiner-fmcad20/inv/check_ic_bvshl_x_s_4.smt2,Bitwuzla,1,0.2565557830967009
BV/2020-Preiner-fmcad20/inv/check_ic_bvudiv_s_x_4.smt2,cvc5,1,1.34265444194898
BV/2020-Preiner-fmcad20/inv/check_ic_bvult_x_s_64.smt2,Bitwuzla,1,0.2811427959240973
BV/2020-Preiner-fmcad20/inv/check_ic_bvurem_s_x_64.smt2,Bitwuzla,0,1201.257665954996
BV/2020-Preiner-fmcad20/inv/check_ic_concat_s_x_4.smt2,Bitwuzla,1,0.23181588295847178
BV/2020-Preiner-fmcad20/inv/check_ic_concat_s_x_64.smt2,Bitwuzla,1,0.25865146005526185
BV/2020-Preiner-fmcad20/inv/check_ic_distinct_x_s_32.smt2,Bitwuzla,1,0.2743545479606837
BV/2020-Preiner-fmcad20/inv/check_ic_sext_1_4.smt2,Bitwuzla,1,0.24589998717419803
BV/2020-Preiner-fmcad20/inv/check_ic_sext_2_32.smt2,Bitwuzla,1,0.21720632095821202
BV/2020-Preiner-fmcad20/inv/check_ic_sext_4_64.smt2,Bitwuzla,1,0.2238399509806186
BV/20210330-PEak/no-extern-loop_sat_subset/easy4.smt2,Z3alpha,1,5.725777071900666
BV/20230321-UltimateAutomizerSvcomp2023/btor2c-eagerMod.cambridge.1.prop2-func-interl.c_2.smt2,Bitwuzla,1,0.37833060207776725
BV/20230321-UltimateAutomizerSvcomp2023/btor2c-eagerMod.unsafe_arbitrated_fifos_n2d8w8.c_1.smt2,Bitwuzla,1,0.24759329413063824
BV/20230321-UltimateAutomizerSvcomp2023/btor2c-lazyMod.fischer.1.prop1-back-serstep.c_2.smt2,Bitwuzla,1,0.2504489840939641
BV/20230321-UltimateAutomizerSvcomp2023/heapsort.i_0.smt2,cvc5,1,240.39339601714164
BV/20230321-UltimateAutomizerSvcomp2023/heapsort.i_6.smt2,Bitwuzla,1,0.24661760800518095
BV/20230321-UltimateAutomizerSvcomp2023/heapsort.i_9.smt2,Z3alpha,0,1201.7190008340403
BV/20230321-UltimateAutomizerSvcomp2023/jain_2-2.c_0.smt2,cvc5,1,0.578604550100863
BV/20230321-UltimateAutomizerSvcomp2023/jain_4-1.c_4.smt2,cvc5,1,6.66040356317535
BV/20230321-UltimateAutomizerSvcomp2023/jain_6-1.c_10.smt2,cvc5,1,7.997570767067373
BV/20230321-UltimateAutomizerSvcomp2023/jain_7-1.c_3.smt2,cvc5,1,3.383278446039185
BV/20230321-UltimateAutomizerSvcomp2023/jain_7-1.c_4.smt2,cvc5,1,3.4588380788918585
BV/20230321-UltimateAutomizerSvcomp2023/linear-inequality-inv-a.c_5.smt2,cvc5,1,0.259008303983137
BV/20230321-UltimateAutomizerSvcomp2023/soft_float_1-1.c.cil.c_0.smt2,Bitwuzla,1,0.22210360202006996
BV/20230321-UltimateAutomizerSvcomp2023/soft_float_1-1.c.cil.c_9.smt2,cvc5,1,80.38322732108645
BV/20230321-UltimateAutomizerSvcomp2023/soft_float_4-1.c.cil.c_7.smt2,Bitwuzla,1,0.21582777611911297
BV/20230321-UltimateAutomizerSvcomp2023/soft_float_4-2.c.cil.c_3.smt2,Bitwuzla,0,1201.2508073709905
BV/20230321-UltimateAutomizerSvcomp2023/soft_float_4-2.c.cil.c_6.smt2,Bitwuzla,0,1201.2727439750452
BV/20230321-UltimateAutomizerSvcomp2023/soft_float_4-2.c.cil.c_9.smt2,Bitwuzla,1,0.2170661010313779
BV/llvm13-smtlib/03.smt2,Bitwuzla,1,1.9305920850019902
BV/llvm13-smtlib/05.smt2,Bitwuzla,1,12.828590631950647
BV/wintersteiger/fmsd13/fixpoint/AR-fixpoint-7.smt2,cvc5,1,0.22395539307035506
BV/wintersteiger/fmsd13/fixpoint/AR-fixpoint-8.smt2,cvc5,1,0.2266389091964811
BV/wintersteiger/fmsd13/fixpoint/itc-b13-fixpoint-8.smt2,Bitwuzla,1,0.35233908891677856
BV/wintersteiger/fmsd13/fixpoint/sdlx-fixpoint-6.smt2,Bitwuzla,1,1.700918979011476
BV/wintersteiger/fmsd13/fixpoint/small-equiv-fixpoint-4.smt2,Bitwuzla,1,0.28301796200685203
BV/wintersteiger/fmsd13/fixpoint/small-pipeline-fixpoint-5.smt2,cvc5,1,0.5642349920235574
BV/wintersteiger/fmsd13/ranking/1394diag_ioctl.c.smt2,Bitwuzla,1,1.2730075200088322
BV/wintersteiger/fmsd13/ranking/AVStream_image.cpp.smt2,Bitwuzla,1,0.22803475498221815
BV/wintersteiger/fmsd13/ranking/audio_ac97_wavepcistream2.cpp.smt2,Bitwuzla,1,0.2555182729847729
BV/wintersteiger/fmsd13/ranking/audio_gfxswap.xp_filter.cpp.smt2,Bitwuzla,1,0.2811439149081707
BV/wintersteiger/fmsd13/ranking/filesys_cdfs_allocsup.c.smt2,Bitwuzla,1,0.2628710779827088
BV/wintersteiger/fmsd13/ranking/network_ndis_e100bex_5x_kd_mp_dbg.c.smt2,Bitwuzla,1,0.25784366903826594
BV/wintersteiger/fmsd13/ranking/network_usbnwifi_mp_util.c.smt2,Bitwuzla,1,12.67855551186949
BV/2017-Preiner-UltimateAutomizer/Primes_true-unreach-call.c_187.smt2,Z3alpha,1,0.3418806588742882
BV/2017-Preiner-UltimateAutomizer/nested9_true-unreach-call.i_1070.smt2,Z3alpha,1,0.2886954708956182
BV/2017-Preiner-UltimateAutomizer/nested9_true-unreach-call.i_1770.smt2,Z3alpha,1,0.31179474387317896
BV/2017-Preiner-UltimateAutomizer/nested9_true-unreach-call.i_473.smt2,Z3alpha,1,0.30187519104219973
BV/2017-Preiner-keymaera/ETCS-d-braking-node1346.smt2,Bitwuzla,1,0.2673469730652869
BV/2017-Preiner-keymaera/ETCS-essentials-node3023.smt2,Bitwuzla,1,0.6204880508594215
BV/2017-Preiner-keymaera/binary_driver-2007-10-09-node12552.smt2,Z3alpha,1,3.274699721019715
BV/2017-Preiner-keymaera/bouncing-ball-simple-node5586.smt2,Bitwuzla,1,0.29968590498901904
BV/2017-Preiner-keymaera/bouncing-ball-simple-node5964.smt2,Bitwuzla,1,0.26760107395239174
BV/2017-Preiner-keymaera/dccs-example-node3897.smt2,Bitwuzla,1,0.5546928090043366
BV/2017-Preiner-keymaera/intersection-example-onelane.proof-node11162.smt2,Bitwuzla,1,0.2716753149870783
BV/2017-Preiner-keymaera/intersection-example-onelane.proof-node12517.smt2,Bitwuzla,1,0.35145697207190096
BV/2017-Preiner-keymaera/intersection-example-onelane.proof-node19598.smt2,YicesQS,1,0.6874113481026143
BV/2017-Preiner-keymaera/intersection-example-onelane.proof-node23307.smt2,Bitwuzla,1,0.262429442955181
BV/2017-Preiner-keymaera/intersection-example-onelane.proof-node31555.smt2,YicesQS,1,0.28472722694277763
BV/2017-Preiner-keymaera/intersection-example-onelane.proof-node37018.smt2,YicesQS,1,1.5847900249063969
BV/2017-Preiner-keymaera/intersection-example-onelane.proof-node4261.smt2,YicesQS,1,1.163962067104876
BV/2017-Preiner-keymaera/intersection-example-onelane.proof-node43393.smt2,Bitwuzla,1,0.27346980199217796
BV/2017-Preiner-keymaera/intersection-example-onelane.proof-node45106.smt2,YicesQS,1,0.5547054058406502
BV/2017-Preiner-keymaera/intersection-example-onelane.proof-node47513.smt2,YicesQS,1,0.4471927478443831
BV/2017-Preiner-keymaera/intersection-example-onelane.proof-node48996.smt2,YicesQS,1,0.2791980430483818
BV/2017-Preiner-keymaera/intersection-example-onelane.proof-node5338.smt2,Bitwuzla,1,0.4338626880198717
BV/2017-Preiner-keymaera/intersection-example-onelane.proof-node53901.smt2,YicesQS,1,0.3475531619042158
BV/2017-Preiner-keymaera/intersection-example-onelane.proof-node53911.smt2,YicesQS,1,0.2697407240048051
BV/2017-Preiner-keymaera/intersection-example-onelane.proof-node54847.smt2,Bitwuzla,1,0.31096220994368196
BV/2017-Preiner-keymaera/intersection-example-onelane.proof-node6814.smt2,Z3alpha,1,0.2941948960069567
BV/2017-Preiner-keymaera/intersection-example-simple.proof-node152045.smt2,cvc5,1,0.25674119987525046
BV/2017-Preiner-keymaera/intersection-example-simple.proof-node154163.smt2,cvc5,1,0.22044647601433098
BV/2017-Preiner-keymaera/intersection-example-simple.proof-node169818.smt2,cvc5,1,0.25288573699072003
BV/2017-Preiner-keymaera/intersection-example-simple.proof-node171462.smt2,cvc5,1,0.2431826121173799
BV/2017-Preiner-keymaera/intersection-example-simple.proof-node175109.smt2,cvc5,1,0.22308603604324162
BV/2017-Preiner-keymaera/intersection-example-simple.proof-node192767.smt2,cvc5,1,0.24908416694961488
BV/2017-Preiner-keymaera/intersection-example-simple.proof-node195048.smt2,cvc5,1,0.2290924610570073
BV/2017-Preiner-keymaera/intersection-example-simple.proof-node195519.smt2,cvc5,1,0.22734344191849232
BV/2017-Preiner-keymaera/intersection-example-simple.proof-node197075.smt2,cvc5,1,0.22224407503381371
BV/2017-Preiner-keymaera/intersection-example-simple.proof-node197946.smt2,cvc5,1,0.22161051607690752
BV/2017-Preiner-keymaera/intersection-example-simple.proof-node250172.smt2,cvc5,1,0.22314294008538127
BV/2017-Preiner-keymaera/intersection-example-simple.proof-node252045.smt2,cvc5,1,0.2227859180420637
BV/2017-Preiner-keymaera/intersection-example-simple.proof-node252371.smt2,cvc5,1,0.24702780786901712
BV/2017-Preiner-keymaera/intersection-example-simple.proof-node254296.smt2,cvc5,1,0.2311410408001393
BV/2017-Preiner-keymaera/intersection-example-simple.proof-node267053.smt2,cvc5,1,0.22317999601364136
BV/2017-Preiner-keymaera/intersection-example-simple.proof-node269426.smt2,cvc5,1,0.2232043941039592
BV/2017-Preiner-keymaera/intersection-example-simple.proof-node269538.smt2,cvc5,1,0.2228767320048064
BV/2017-Preiner-keymaera/intersection-example-simple.proof-node271799.smt2,cvc5,1,0.22521917195990682
BV/2017-Preiner-keymaera/intersection-example-simple.proof-node287144.smt2,cvc5,1,0.24666113778948784
BV/2017-Preiner-keymaera/intersection-example-simple.proof-node287256.smt2,cvc5,1,0.25682243914343417
BV/2017-Preiner-keymaera/intersection-example-simple.proof-node287914.smt2,cvc5,1,0.22479879995808005
BV/2017-Preiner-keymaera/intersection-example-simple.proof-node288026.smt2,cvc5,1,0.2505593579262495
BV/2017-Preiner-keymaera/intersection-example-simple.proof-node290002.smt2,cvc5,1,0.22067880001850426
BV/2017-Preiner-keymaera/intersection-example-simple.proof-node290206.smt2,cvc5,1,0.22304177097976208
BV/2017-Preiner-keymaera/intersection-example-simple.proof-node291616.smt2,cvc5,1,0.22099947999231517
BV/2017-Preiner-keymaera/intersection-example-simple.proof-node345166.smt2,cvc5,1,0.2234641839750111
BV/2017-Preiner-keymaera/intersection-example-simple.proof-node345732.smt2,cvc5,1,0.22168976720422506
BV/2017-Preiner-keymaera/intersection-example-simple.proof-node348711.smt2,cvc5,1,0.21999022318050265
BV/2017-Preiner-keymaera/intersection-example-simple.proof-node361630.smt2,cvc5,1,0.22079498297534883
BV/2017-Preiner-keymaera/intersection-example-simple.proof-node361987.smt2,cvc5,1,0.22234252002090216
BV/2017-Preiner-keymaera/intersection-example-simple.proof-node363688.smt2,cvc5,1,0.25264338590204716
BV/2017-Preiner-keymaera/intersection-example-simple.proof-node368427.smt2,cvc5,1,0.22094257501885295
BV/2017-Preiner-keymaera/intersection-example-simple.proof-node368539.smt2,cvc5,1,0.23240793496370316
BV/2017-Preiner-keymaera/intersection-example-simple.proof-node369234.smt2,cvc5,1,0.22980597708374262
BV/2017-Preiner-keymaera/intersection-example-simple.proof-node369871.smt2,cvc5,1,0.2271419079042971
BV/2017-Preiner-keymaera/intersection-example-simple.proof-node384248.smt2,cvc5,1,0.2230986780487001
BV/2017-Preiner-keymaera/intersection-example-simple.proof-node387850.smt2,cvc5,1,0.24048595782369375
BV/2017-Preiner-keymaera/intersection-example-simple.proof-node388424.smt2,cvc5,1,0.2468431710731238
BV/2017-Preiner-keymaera/intersection-example-simple.proof-node389601.smt2,cvc5,1,0.22176681505516171
BV/2017-Preiner-keymaera/intersection-example-simple.proof-node389810.smt2,cvc5,1,0.2230135789141059
BV/2017-Preiner-keymaera/intersection-example-simple.proof-node475811.smt2,cvc5,1,0.24183757789433002
BV/2017-Preiner-keymaera/intersection-example-simple.proof-node476004.smt2,cvc5,1,0.22183947288431227
BV/2017-Preiner-keymaera/intersection-example-simple.proof-node478879.smt2,cvc5,1,0.22590436600148678
BV/2017-Preiner-keymaera/intersection-example-simple.proof-node488227.smt2,cvc5,1,0.22164731798693538
BV/2017-Preiner-keymaera/intersection-example-simple.proof-node490353.smt2,cvc5,1,0.2222535777837038
BV/2017-Preiner-keymaera/intersection-example-simple.proof-node529901.smt2,cvc5,1,0.22111882804892957
BV/2017-Preiner-keymaera/intersection-example-simple.proof-node534610.smt2,cvc5,1,0.23616501898504794
BV/2017-Preiner-keymaera/intersection-example-simple.proof-node535359.smt2,cvc5,1,0.22143726097419858
BV/2017-Preiner-keymaera/intersection-example-simple.proof-node548891.smt2,cvc5,1,0.24618397187441587
BV/2017-Preiner-keymaera/intersection-example-simple.proof-node550504.smt2,cvc5,1,0.24533995194360614
BV/2017-Preiner-keymaera/intersection-example-simple.proof-node559428.smt2,cvc5,1,0.24601857317611575
BV/2017-Preiner-keymaera/intersection-example-simple.proof-node561079.smt2,cvc5,1,0.2520667661447078
BV/2017-Preiner-keymaera/intersection-example-simple.proof-node601561.smt2,cvc5,1,0.22358319209888577
BV/2017-Preiner-keymaera/intersection-example-simple.proof-node603232.smt2,cvc5,1,0.22173041407950222
BV/2017-Preiner-keymaera/intersection-example-simple.proof-node603757.smt2,cvc5,1,0.22045062179677188
BV/2017-Preiner-keymaera/intersection-example-simple.proof-node619055.smt2,cvc5,1,0.224243416916579
BV/2017-Preiner-keymaera/intersection-example-simple.proof-node620306.smt2,cvc5,1,0.22452894900925457
BV/2017-Preiner-keymaera/intersection-example-simple.proof-node631164.smt2,cvc5,1,0.22458651894703507
BV/2017-Preiner-keymaera/intersection-example-simple.proof-node672726.smt2,cvc5,1,0.23255959013476968
BV/2017-Preiner-keymaera/intersection-example-simple.proof-node673414.smt2,cvc5,1,0.22049641888588667
BV/2017-Preiner-keymaera/intersection-example-simple.proof-node674647.smt2,cvc5,1,0.22388342884369195
BV/2017-Preiner-keymaera/intersection-example-simple.proof-node682405.smt2,cvc5,1,0.22529282700270414
BV/2017-Preiner-keymaera/intersection-example-simple.proof-node688713.smt2,cvc5,1,0.24444844713434577
BV/2017-Preiner-keymaera/intersection-example-simple.proof-node704546.smt2,cvc5,1,0.22130897385068238
BV/2017-Preiner-keymaera/safety-lemma-node10952.smt2,Z3alpha,1,3.842633421998471
BV/2017-Preiner-keymaera/safety-lemma-node14050.smt2,Z3alpha,1,2.2520858778152615
BV/2017-Preiner-keymaera/vsl.proof-node1377.smt2,Bitwuzla,1,15.971180097199976
BV/2017-Preiner-keymaera/vsl.proof-node2761.smt2,Bitwuzla,1,44.359980300068855
BV/2017-Preiner-keymaera/vsli-alert.proof-node2442.smt2,Z3alpha,1,3.658444212982431
BV/2017-Preiner-psyco/006.smt2,YicesQS,1,0.4201188050210476
BV/2017-Preiner-psyco/008.smt2,YicesQS,1,0.38857459113933146
BV/2017-Preiner-psyco/027.smt2,YicesQS,1,0.2910703781526536
BV/2017-Preiner-psyco/040.smt2,Bitwuzla,1,0.606134639820084
BV/2017-Preiner-psyco/050.smt2,Bitwuzla,1,0.6329055509995669
BV/2017-Preiner-psyco/055.smt2,Bitwuzla,1,0.7278711160179228
BV/2017-Preiner-psyco/056.smt2,Bitwuzla,1,0.8553949219640344
BV/2017-Preiner-psyco/073.smt2,YicesQS,1,0.35544930398464203
BV/2017-Preiner-psyco/075.smt2,YicesQS,1,0.2594785669352859
BV/2017-Preiner-psyco/078.smt2,YicesQS,1,0.4836537300143391
BV/2017-Preiner-psyco/081.smt2,YicesQS,1,0.4802199851255864
BV/2017-Preiner-psyco/123.smt2,YicesQS,1,0.26726771495305
BV/2017-Preiner-psyco/125.smt2,Bitwuzla,1,0.2690984720829874
BV/2017-Preiner-psyco/126.smt2,Bitwuzla,1,0.2517645440530032
BV/2017-Preiner-psyco/174.smt2,YicesQS,1,0.42723882803693414
BV/2017-Preiner-psyco/182.smt2,Z3alpha,1,6.318196523934603
BV/2017-Preiner-psyco/185.smt2,Bitwuzla,1,0.2948028708342463
BV/2017-Preiner-psyco/190.smt2,YicesQS,1,0.3701163800433278
BV/2017-Preiner-scholl-smt08/RND/RND_3_12.smt2,Bitwuzla,1,4.122938462998718
BV/2017-Preiner-scholl-smt08/RND/RND_3_20.smt2,Bitwuzla,1,0.4454727659467608
BV/2017-Preiner-scholl-smt08/RND/RND_3_23.smt2,Z3alpha,1,2.020236383890733
BV/2017-Preiner-scholl-smt08/RND/RND_3_28.smt2,YicesQS,0,1201.7212773000356
BV/2017-Preiner-scholl-smt08/RND/RND_4_12.smt2,YicesQS,1,0.3384153158403933
BV/2017-Preiner-scholl-smt08/RND/RND_4_14.smt2,YicesQS,1,0.4096001419238746
BV/2017-Preiner-scholl-smt08/RND/RND_4_20.smt2,YicesQS,1,0.5924609950743616
BV/2017-Preiner-scholl-smt08/RND/RND_4_23.smt2,YicesQS,1,0.35637119389139116
BV/2017-Preiner-scholl-smt08/RND/RND_4_4.smt2,Bitwuzla,1,0.7564347179140896
BV/2017-Preiner-scholl-smt08/RND/RND_6_14.smt2,YicesQS,0,1201.7199933149386
BV/2017-Preiner-scholl-smt08/RND/RND_6_15.smt2,YicesQS,0,1201.721892128
BV/2017-Preiner-scholl-smt08/RND/RND_6_23.smt2,YicesQS,1,0.6537317777983844
BV/2017-Preiner-scholl-smt08/RND/RND_6_27.smt2,YicesQS,1,0.4793193619698286
BV/2017-Preiner-scholl-smt08/RND/RND_6_29.smt2,YicesQS,0,1201.7213896720205
BV/2017-Preiner-scholl-smt08/RNDPRE/RNDPRE_3_16.smt2,Z3alpha,0,1201.7503337680828
BV/2017-Preiner-scholl-smt08/RNDPRE/RNDPRE_3_17.smt2,Bitwuzla,1,0.47924000583589077
BV/2017-Preiner-scholl-smt08/RNDPRE/RNDPRE_3_2.smt2,Z3alpha,1,31.856268846895546
BV/2017-Preiner-scholl-smt08/RNDPRE/RNDPRE_3_21.smt2,Z3alpha,0,1201.7211659420282
BV/2017-Preiner-scholl-smt08/RNDPRE/RNDPRE_3_26.smt2,Z3alpha,1,0.3153383492026478
BV/2017-Preiner-scholl-smt08/RNDPRE/RNDPRE_3_33.smt2,Z3alpha,1,0.2790294650476426
BV/2017-Preiner-scholl-smt08/RNDPRE/RNDPRE_3_34.smt2,Z3alpha,1,6.675687765004113
BV/2017-Preiner-scholl-smt08/RNDPRE/RNDPRE_3_4.smt2,Bitwuzla,1,0.4060646428260952
BV/2017-Preiner-scholl-smt08/RNDPRE/RNDPRE_3_46.smt2,Z3alpha,1,0.48992029996588826
BV/2017-Preiner-scholl-smt08/RNDPRE/RNDPRE_3_48.smt2,Z3alpha,1,6.742073690984398
BV/2017-Preiner-scholl-smt08/RNDPRE/RNDPRE_3_5.smt2,Bitwuzla,1,0.9803654931019992
BV/2017-Preiner-scholl-smt08/RNDPRE/RNDPRE_3_53.smt2,Bitwuzla,1,11.3842074170243
BV/2017-Preiner-scholl-smt08/RNDPRE/RNDPRE_3_9.smt2,Bitwuzla,1,0.44574331399053335
BV/2017-Preiner-scholl-smt08/RNDPRE/RNDPRE_4_31.smt2,YicesQS,0,1201.7206245639827
BV/2017-Preiner-scholl-smt08/RNDPRE/RNDPRE_4_37.smt2,YicesQS,1,0.26834479393437505
BV/2017-Preiner-scholl-smt08/RNDPRE/RNDPRE_4_41.smt2,YicesQS,0,1201.7302176509984
BV/2017-Preiner-scholl-smt08/RNDPRE/RNDPRE_4_52.smt2,YicesQS,1,700.6041825329885
BV/2017-Preiner-scholl-smt08/RNDPRE/RNDPRE_4_53.smt2,YicesQS,1,736.5091933759395
BV/2017-Preiner-scholl-smt08/RNDPRE/RNDPRE_4_54.smt2,YicesQS,1,2.1393705401569605
BV/2017-Preiner-scholl-smt08/RNDPRE/RNDPRE_4_57.smt2,YicesQS,1,711.9621766950004
BV/2017-Preiner-scholl-smt08/RNDPRE/RNDPRE_4_59.smt2,YicesQS,1,114.21794402506202
BV/2017-Preiner-scholl-smt08/RNDPRE/RNDPRE_4_62.smt2,YicesQS,1,412.66467537288554
BV/2017-Preiner-scholl-smt08/RNDPRE/RNDPRE_4_9.smt2,cvc5,1,177.1898429179564
BV/2017-Preiner-scholl-smt08/model/model_5_1.smt2,Z3alpha,1,0.2856490141712129
BV/2017-Preiner-scholl-smt08/model/model_5_22.smt2,YicesQS,1,0.22254849295131862
BV/2017-Preiner-scholl-smt08/model/model_5_25.smt2,YicesQS,1,0.22503621620126069
BV/2017-Preiner-scholl-smt08/model/model_5_38.smt2,Bitwuzla,1,0.3156862279865891
BV/2017-Preiner-scholl-smt08/model/model_5_42.smt2,Bitwuzla,1,0.25977965304628015
BV/2017-Preiner-scholl-smt08/model/model_5_49.smt2,Bitwuzla,1,0.23126429598778486
BV/2017-Preiner-scholl-smt08/model/model_6_21.smt2,Bitwuzla,1,0.2718011050019413
BV/2017-Preiner-scholl-smt08/model/model_6_28.smt2,Bitwuzla,1,0.2588301638606936
BV/2017-Preiner-scholl-smt08/model/model_6_38.smt2,Bitwuzla,1,0.2400880679488182
BV/2017-Preiner-scholl-smt08/model/model_6_47.smt2,Bitwuzla,1,0.30199309322051704
BV/2017-Preiner-scholl-smt08/model/model_6_5.smt2,Z3alpha,1,0.3008967130444944
BV/2017-Preiner-scholl-smt08/model/model_6_51.smt2,Bitwuzla,1,0.23331912886351347
BV/2017-Preiner-scholl-smt08/model/model_6_52.smt2,Bitwuzla,1,0.2377644858788699
BV/2017-Preiner-scholl-smt08/model/model_6_53.smt2,Bitwuzla,1,0.2616611400153488
BV/2017-Preiner-scholl-smt08/model/model_6_60.smt2,Bitwuzla,1,0.2479859869927168
BV/20170501-Heizmann-UltimateAutomizer/MultCommutative_true-unreach-call_true-no-overflow_true-termination.c_2674.smt2,YicesQS,1,0.22424317500554025
BV/20170501-Heizmann-UltimateAutomizer/MultCommutative_true-unreach-call_true-no-overflow_true-termination.c_3235.smt2,YicesQS,1,0.22423163009807467
BV/20170501-Heizmann-UltimateAutomizer/gcd_2_true-unreach-call_true-no-overflow.i_921.smt2,Bitwuzla,1,0.4088416330050677
BV/20170501-Heizmann-UltimateAutomizer/gcd_3_true-unreach-call_true-no-overflow.i_1105.smt2,Bitwuzla,1,6.1181929090525955
BV/20170501-Heizmann-UltimateAutomizer/jain_1_true-unreach-call_true-no-overflow.i_409.smt2,cvc5,1,0.30527109396643937
BV/20170501-Heizmann-UltimateAutomizer/jain_1_true-unreach-call_true-no-overflow.i_435.smt2,cvc5,1,0.2580472310073674
BV/20170501-Heizmann-UltimateAutomizer/jain_2_true-unreach-call_true-no-overflow.i_223.smt2,cvc5,1,0.6227036919444799
BV/20170501-Heizmann-UltimateAutomizer/jain_2_true-unreach-call_true-no-overflow.i_436.smt2,cvc5,1,0.7385876509360969
BV/20170501-Heizmann-UltimateAutomizer/jain_2_true-unreach-call_true-no-overflow.i_464.smt2,cvc5,1,1.2236942579038441
BV/20170501-Heizmann-UltimateAutomizer/jain_2_true-unreach-call_true-no-overflow.i_469.smt2,cvc5,1,2.181570434011519
BV/20170501-Heizmann-UltimateAutomizer/jain_4_true-unreach-call_true-no-overflow.i_200.smt2,cvc5,1,2.284555409103632
BV/20170501-Heizmann-UltimateAutomizer/jain_4_true-unreach-call_true-no-overflow.i_230.smt2,cvc5,1,4.5781334231141955
BV/20170501-Heizmann-UltimateAutomizer/jain_4_true-unreach-call_true-no-overflow.i_266.smt2,cvc5,1,0.6680870000272989
BV/20170501-Heizmann-UltimateAutomizer/jain_6_true-unreach-call_true-no-overflow.i_459.smt2,cvc5,1,2.7013294538483024
BV/20170501-Heizmann-UltimateAutomizer/jain_7_true-unreach-call_true-no-overflow.i_306.smt2,cvc5,1,0.7373181991279125
BV/20170501-Heizmann-UltimateAutomizer/jain_7_true-unreach-call_true-no-overflow.i_61.smt2,cvc5,1,1.668283523991704
BV/20170501-Heizmann-UltimateAutomizer/verisec_sendmail__tTflag_arr_one_loop_false-unreach-call.i_1353.smt2,Bitwuzla,1,1.7147744370158762
BV/2018-Preiner-cav18/check_bvsge_bvashr0_4bit.smt2,YicesQS,1,0.2727860971353948
BV/2018-Preiner-cav18/check_bvsge_bvurem1_32bit.smt2,Bitwuzla,1,2.5033292761072516
BV/2018-Preiner-cav18/check_bvsgt_bvand_32bit.smt2,YicesQS,1,0.22288011596538126
BV/2018-Preiner-cav18/check_bvsgt_bvconcat1_34_32bit.smt2,cvc5,1,0.23075259919278324
BV/2018-Preiner-cav18/check_bvsgt_bvlshr0_4bit.smt2,YicesQS,1,0.2497247071005404
BV/2018-Preiner-cav18/check_bvsgt_bvlshr1_32bit.smt2,Bitwuzla,1,0.23939473601058125
BV/2018-Preiner-cav18/check_bvsgt_bvmul_64bit.smt2,Bitwuzla,0,1201.350498096086
BV/2018-Preiner-cav18/check_bvsgt_bvshl0_64bit.smt2,Bitwuzla,1,0.9000879360828549
BV/2018-Preiner-cav18/check_bvsgt_bvurem1_4bit.smt2,Bitwuzla,1,0.24652487505227327
BV/2018-Preiner-cav18/check_bvsle_bvmul_32bit.smt2,Bitwuzla,0,1201.3539861280005
BV/2018-Preiner-cav18/check_bvsle_bvurem1_32bit.smt2,Bitwuzla,1,0.7620511299464852
BV/2018-Preiner-cav18/check_bvslt_bvshl1_64bit.smt2,Bitwuzla,1,0.4256039219908416
BV/2018-Preiner-cav18/check_bvslt_bvurem0_4bit.smt2,Bitwuzla,1,0.22538586799055338
BV/2018-Preiner-cav18/check_bvslt_bvurem0_64bit.smt2,Bitwuzla,1,0.2533329389989376
BV/2018-Preiner-cav18/check_bvuge_bvconcat0_64_64bit.smt2,cvc5,1,0.28001919598318636
BV/2018-Preiner-cav18/check_bvuge_bvlshr1_64bit.smt2,YicesQS,1,0.2912708050571382
BV/2018-Preiner-cav18/check_bvuge_bvshl1_64bit.smt2,Bitwuzla,1,1.2416693568229675
BV/2018-Preiner-cav18/check_bvuge_bvurem0_32bit.smt2,Bitwuzla,1,117.89977149595506
BV/2018-Preiner-cav18/check_bvugt_bvashr1_64bit.smt2,Bitwuzla,1,0.2902797788847238
BV/2018-Preiner-cav18/check_bvult_bvudiv0_64bit.smt2,Bitwuzla,1,0.22301703388802707
BV/2018-Preiner-cav18/check_eq_bvlshr0_64bit.smt2,Bitwuzla,1,0.5391974779777229
BV/2018-Preiner-cav18/check_eq_bvurem1_64bit.smt2,Bitwuzla,0,1201.3240349269472
BV/2018-Preiner-cav18/check_ne_bvudiv1_64bit.smt2,YicesQS,1,0.33312818710692227
BV/2018-Preiner-cav18/check_ne_bvurem0_32bit.smt2,Bitwuzla,1,0.4001719579100609
BV/20190429-UltimateAutomizerSvcomp2019/float_req_bl_0730b_true-unreach-call.c_31.smt2,Bitwuzla,1,0.2447564189787954
BV/20190429-UltimateAutomizerSvcomp2019/float_req_bl_0730b_true-unreach-call.c_38.smt2,cvc5,1,0.22960717091336846
BV/20190429-UltimateAutomizerSvcomp2019/jain_2_true-unreach-call_true-no-overflow_false-termination.i_11.smt2,cvc5,1,84.67033592704684
BV/20190429-UltimateAutomizerSvcomp2019/soft_float_4_true-unreach-call_true-no-overflow_true-termination.c.cil.c_0.smt2,Bitwuzla,1,0.24358139093965292
BV/2020-Preiner-fmcad20/cons/check_cc_bvand_x_s_32.smt2,Bitwuzla,1,0.24635772500187159
BV/2020-Preiner-fmcad20/cons/check_cc_bvlshr_s_x_4.smt2,Bitwuzla,1,0.23799954284913838
BV/2020-Preiner-fmcad20/cons/check_cc_bvshl_x_s_32.smt2,Bitwuzla,0,1201.2949318978935
BV/2020-Preiner-fmcad20/cons/check_cc_bvshl_x_s_64.smt2,Bitwuzla,0,1201.2930296778213
BV/2020-Preiner-fmcad20/cons/check_cc_bvslt_x_s_32.smt2,Bitwuzla,1,0.22010407620109618
BV/2020-Preiner-fmcad20/cons/check_cc_bvuge_s_x_64.smt2,Bitwuzla,1,0.21628176281228662
BV/2020-Preiner-fmcad20/cons/check_cc_bvult_x_s_32.smt2,Bitwuzla,1,0.21976198791526258
BV/2020-Preiner-fmcad20/cons/check_cc_udiv_s_x_32.smt2,Bitwuzla,0,1201.3578901579604
BV/2020-Preiner-fmcad20/inv/check_ic_bvadd_x_s_32.smt2,Bitwuzla,1,0.6170494961552322
BV/2020-Preiner-fmcad20/inv/check_ic_bvashr_x_s_4.smt2,Bitwuzla,1,0.23335122596472502
BV/2020-Preiner-fmcad20/inv/check_ic_bvlshr_s_x_4.smt2,Bitwuzla,1,0.2210486070252955
BV/2020-Preiner-fmcad20/inv/check_ic_bvmul_x_s_64.smt2,Bitwuzla,0,1201.3163426108658
BV/2020-Preiner-fmcad20/inv/check_ic_bvsge_s_x_32.smt2,Bitwuzla,1,0.2213459659833461
BV/2020-Preiner-fmcad20/inv/check_ic_bvult_s_x_32.smt2,Bitwuzla,1,0.22420676285400987
BV/2020-Preiner-fmcad20/inv/check_ic_bvult_s_x_4.smt2,Bitwuzla,1,0.23302349890582263
BV/2020-Preiner-fmcad20/inv/check_ic_sext_3_64.smt2,Bitwuzla,1,0.22878133016638458
BV/20210301-Alive2-partial-undef/ph7/626_ph7.smt2,YicesQS,1,0.6752579750027508
BV/20210301-Alive2-partial-undef/sqlite3/773_sqlite3.smt2,YicesQS,1,0.2567474339157343
BV/20210330-PEak/extern-loop_sat_subset/medium2.smt2,Bitwuzla,0,0.6340116488281637
BV/20210330-PEak/no-extern-loop_sat_subset/medium0.smt2,Bitwuzla,0,0.6046801570337266
BV/20210330-PEak/no-extern-loop_sat_subset/medium1.smt2,Bitwuzla,0,0.6489197378978133
BV/20210330-PEak/no-extern-loop_unsat_subset/medium.smt2,cvc5,1,8.415603287052363
BV/20230321-UltimateAutomizerSvcomp2023/btor2c-eagerMod.bakery.1.prop1-func-interl.c_2.smt2,Bitwuzla,1,0.30408192495815456
BV/20230321-UltimateAutomizerSvcomp2023/jain_2-2.c_10.smt2,YicesQS,1,0.29164943494834006
BV/20230321-UltimateAutomizerSvcomp2023/jain_4-1.c_1.smt2,cvc5,1,3.601111534051597
BV/20230321-UltimateAutomizerSvcomp2023/jain_6-1.c_2.smt2,cvc5,1,6.751776752062142
BV/20230321-UltimateAutomizerSvcomp2023/jain_6-1.c_4.smt2,cvc5,1,5.870809571119025
BV/20230321-UltimateAutomizerSvcomp2023/jain_7-1.c_5.smt2,YicesQS,1,0.23104038508608937
BV/20230321-UltimateAutomizerSvcomp2023/jain_7-1.c_9.smt2,cvc5,1,3.02982703410089
BV/20230321-UltimateAutomizerSvcomp2023/soft_float_1-1.c.cil.c_2.smt2,Bitwuzla,0,1201.272682009032
BV/20230321-UltimateAutomizerSvcomp2023/soft_float_1-2.c.cil.c_6.smt2,Bitwuzla,1,0.2427579490467906
BV/20230321-UltimateAutomizerSvcomp2023/sum.i_1.smt2,Bitwuzla,1,0.217984848190099
BV/llvm13-smtlib/01.smt2,Bitwuzla,1,0.249116662889719
BV/llvm13-smtlib/07.smt2,Bitwuzla,1,10.700234638061374
BV/wintersteiger/fmsd13/fixpoint/AR-fixpoint-10.smt2,cvc5,1,0.248241628985852
BV/wintersteiger/fmsd13/fixpoint/cache-coherence-2-fixpoint-6.smt2,Bitwuzla,1,0.8708216990344226
BV/wintersteiger/fmsd13/fixpoint/cache-coherence-3-fixpoint-3.smt2,Bitwuzla,1,0.7733678049407899
BV/wintersteiger/fmsd13/fixpoint/ethernet-fixpoint-3.smt2,Bitwuzla,1,0.6458626568783075
BV/wintersteiger/fmsd13/fixpoint/ethernet-fixpoint-4.smt2,Bitwuzla,1,0.7452883950900286
BV/wintersteiger/fmsd13/fixpoint/itc-b13-fixpoint-6.smt2,Bitwuzla,1,0.314266538945958
BV/wintersteiger/fmsd13/fixpoint/itc-b13-fixpoint-9.smt2,Bitwuzla,1,0.36399332503788173
BV/wintersteiger/fmsd13/fixpoint/small-equiv-fixpoint-10.smt2,Bitwuzla,1,0.5077921890188009
BV/wintersteiger/fmsd13/fixpoint/small-equiv-fixpoint-7.smt2,Bitwuzla,1,0.36657520593144
BV/wintersteiger/fmsd13/fixpoint/small-pipeline-fixpoint-6.smt2,cvc5,1,0.414364238968119
BV/wintersteiger/fmsd13/fixpoint/small-pipeline-fixpoint-8.smt2,cvc5,1,0.5345695980358869
BV/wintersteiger/fmsd13/fixpoint/usb-phy-fixpoint-4.smt2,Z3alpha,1,2.550436574034393
BV/wintersteiger/fmsd13/ranking/audio_ac97_common.cpp.smt2,Bitwuzla,1,0.24814749602228403
BV/wintersteiger/fmsd13/ranking/audio_ddksynth_csynth2.cpp.smt2,Bitwuzla,1,0.22966855601407588
BV/wintersteiger/fmsd13/ranking/network_ndis_rtlnwifi_extsta_st_misc.c.smt2,Bitwuzla,1,0.2804588449653238
BV/wintersteiger/fmsd13/ranking/network_ndis_rtlnwifi_hw_hw_ccmp.c.smt2,Bitwuzla,1,0.26128246588632464
BV/2017-Preiner-UltimateAutomizer/nested9_true-unreach-call.i_670.smt2,Z3alpha,1,0.2995394109748304
BV/2017-Preiner-keymaera/ETCS-essentials-live2.proof-node640.smt2,Bitwuzla,1,0.2983378891367465
BV/2017-Preiner-keymaera/binary_driver-2007-10-09-node10279.smt2,Z3alpha,1,1.2795477530453354
BV/2017-Preiner-keymaera/binary_driver-2007-10-09-node10280.smt2,Z3alpha,1,1.6415239269845188
BV/2017-Preiner-keymaera/binary_driver-2007-10-09-node11384.smt2,Z3alpha,1,0.617089020088315
BV/2017-Preiner-keymaera/binary_driver-2007-10-09-node13791.smt2,Z3alpha,1,6.750420482829213
BV/2017-Preiner-keymaera/binary_driver-2007-10-09-node8746.smt2,Z3alpha,1,0.8146422789432108
BV/2017-Preiner-keymaera/bouncing-ball-simple-node5920.smt2,Bitwuzla,1,0.24759775190614164
BV/2017-Preiner-keymaera/dccs-example-simple-node3458.smt2,Bitwuzla,1,0.23589952290058136
BV/2017-Preiner-keymaera/dccs-example-simple-node3459.smt2,Z3alpha,1,0.31359089515171945
BV/2017-Preiner-keymaera/dccs-example-simple-node6246.smt2,Bitwuzla,1,0.24001284409314394
BV/2017-Preiner-keymaera/intersection-example-onelane.proof-node12481.smt2,Bitwuzla,1,6.265501096146181
BV/2017-Preiner-keymaera/intersection-example-onelane.proof-node14168.smt2,Z3alpha,1,0.32133729103952646
BV/2017-Preiner-keymaera/intersection-example-onelane.proof-node1479.smt2,YicesQS,1,0.25681887194514275
BV/2017-Preiner-keymaera/intersection-example-onelane.proof-node17304.smt2,Bitwuzla,1,0.29821534315124154
BV/2017-Preiner-keymaera/intersection-example-onelane.proof-node18278.smt2,Bitwuzla,1,0.4940140370745212
BV/2017-Preiner-keymaera/intersection-example-onelane.proof-node20269.smt2,YicesQS,1,0.5762299429625273
BV/2017-Preiner-keymaera/intersection-example-onelane.proof-node24127.smt2,YicesQS,1,0.23908172990195453
BV/2017-Preiner-keymaera/intersection-example-onelane.proof-node39751.smt2,Bitwuzla,1,0.3800322199240327
BV/2017-Preiner-keymaera/intersection-example-onelane.proof-node45116.smt2,YicesQS,1,0.27500275685451925
BV/2017-Preiner-keymaera/intersection-example-onelane.proof-node46589.smt2,Bitwuzla,1,0.355667982948944
BV/2017-Preiner-keymaera/intersection-example-onelane.proof-node5607.smt2,Bitwuzla,1,0.36191569501534104
BV/2017-Preiner-keymaera/intersection-example-simple.proof-node151408.smt2,cvc5,1,0.250543843023479
BV/2017-Preiner-keymaera/intersection-example-simple.proof-node156170.smt2,cvc5,1,0.22226730198599398
BV/2017-Preiner-keymaera/intersection-example-simple.proof-node166868.smt2,cvc5,1,0.2524955419357866
BV/2017-Preiner-keymaera/intersection-example-simple.proof-node167638.smt2,cvc5,1,0.23952552396804094
BV/2017-Preiner-keymaera/intersection-example-simple.proof-node172570.smt2,cvc5,1,0.2382921630050987
BV/2017-Preiner-keymaera/intersection-example-simple.proof-node174126.smt2,cvc5,1,0.22743333992548287
BV/2017-Preiner-keymaera/intersection-example-simple.proof-node174360.smt2,cvc5,1,0.22312510199844837
BV/2017-Preiner-keymaera/intersection-example-simple.proof-node174885.smt2,cvc5,1,0.24749353085644543
BV/2017-Preiner-keymaera/intersection-example-simple.proof-node174997.smt2,cvc5,1,0.22421818296425045
BV/2017-Preiner-keymaera/intersection-example-simple.proof-node189374.smt2,cvc5,1,0.22533696796745062
BV/2017-Preiner-keymaera/intersection-example-simple.proof-node190266.smt2,cvc5,1,0.2545263208448887
BV/2017-Preiner-keymaera/intersection-example-simple.proof-node190475.smt2,cvc5,1,0.2223728741519153
BV/2017-Preiner-keymaera/intersection-example-simple.proof-node191763.smt2,cvc5,1,0.22298253886401653
BV/2017-Preiner-keymaera/intersection-example-simple.proof-node192976.smt2,cvc5,1,0.2629652228206396
BV/2017-Preiner-keymaera/intersection-example-simple.proof-node193438.smt2,cvc5,1,0.22649336699396372
BV/2017-Preiner-keymaera/intersection-example-simple.proof-node251490.smt2,cvc5,1,0.24779362510889769
BV/2017-Preiner-keymaera/intersection-example-simple.proof-node251841.smt2,cvc5,1,0.2287803259678185
BV/2017-Preiner-keymaera/intersection-example-simple.proof-node252840.smt2,cvc5,1,0.225308250868693
BV/2017-Preiner-keymaera/intersection-example-simple.proof-node253609.smt2,cvc5,1,0.24710240494459867
BV/2017-Preiner-keymaera/intersection-example-simple.proof-node254500.smt2,cvc5,1,0.2291353289037943
BV/2017-Preiner-keymaera/intersection-example-simple.proof-node254826.smt2,cvc5,1,0.22017837991006672
BV/2017-Preiner-keymaera/intersection-example-simple.proof-node264195.smt2,cvc5,1,0.2216567590367049
BV/2017-Preiner-keymaera/intersection-example-simple.proof-node264307.smt2,cvc5,1,0.26883268100209534
BV/2017-Preiner-keymaera/intersection-example-simple.proof-node264965.smt2,cvc5,1,0.2513100719079375
BV/2017-Preiner-keymaera/intersection-example-simple.proof-node265077.smt2,cvc5,1,0.22332232096232474
BV/2017-Preiner-keymaera/intersection-example-simple.proof-node267466.smt2,cvc5,1,0.2280275800731033
BV/2017-Preiner-keymaera/intersection-example-simple.proof-node268667.smt2,cvc5,1,0.22264514211565256
BV/2017-Preiner-keymaera/intersection-example-simple.proof-node269013.smt2,cvc5,1,0.22620636015199125
BV/2017-Preiner-keymaera/intersection-example-simple.proof-node271104.smt2,cvc5,1,0.25113506405614316
BV/2017-Preiner-keymaera/intersection-example-simple.proof-node272548.smt2,cvc5,1,0.2488684169948101
BV/2017-Preiner-keymaera/intersection-example-simple.proof-node287705.smt2,cvc5,1,0.2212985979858786
BV/2017-Preiner-keymaera/intersection-example-simple.proof-node289202.smt2,cvc5,1,0.2216891059651971
BV/2017-Preiner-keymaera/intersection-example-simple.proof-node289727.smt2,cvc5,1,0.2232937968801707
BV/2017-Preiner-keymaera/intersection-example-simple.proof-node290415.smt2,cvc5,1,0.23601987794972956
BV/2017-Preiner-keymaera/intersection-example-simple.proof-node291850.smt2,cvc5,1,0.23507014499045908
BV/2017-Preiner-keymaera/intersection-example-simple.proof-node292166.smt2,cvc5,1,0.24799971492029727
BV/2017-Preiner-keymaera/intersection-example-simple.proof-node294748.smt2,cvc5,1,0.22381875617429614
BV/2017-Preiner-keymaera/intersection-example-simple.proof-node294860.smt2,cvc5,1,0.24337729904800653
BV/2017-Preiner-keymaera/intersection-example-simple.proof-node345278.smt2,cvc5,1,0.22955638193525374
BV/2017-Preiner-keymaera/intersection-example-simple.proof-node345482.smt2,cvc5,1,0.2217968930490315
BV/2017-Preiner-keymaera/intersection-example-simple.proof-node346170.smt2,cvc5,1,0.22606851090677083
BV/2017-Preiner-keymaera/intersection-example-simple.proof-node347928.smt2,cvc5,1,0.22023184597492218
BV/2017-Preiner-keymaera/intersection-example-simple.proof-node348040.smt2,cvc5,1,0.2219189100433141
BV/2017-Preiner-keymaera/intersection-example-simple.proof-node350275.smt2,cvc5,1,0.2249229121953249
BV/2017-Preiner-keymaera/intersection-example-simple.proof-node369000.smt2,cvc5,1,0.2253102487884462
BV/2017-Preiner-keymaera/intersection-example-simple.proof-node369550.smt2,cvc5,1,0.2773033599369228
BV/2017-Preiner-keymaera/intersection-example-simple.proof-node369759.smt2,cvc5,1,0.22782028187066317
BV/2017-Preiner-keymaera/intersection-example-simple.proof-node384691.smt2,cvc5,1,0.22358884802088141
BV/2017-Preiner-keymaera/intersection-example-simple.proof-node388939.smt2,cvc5,1,0.2442856840789318
BV/2017-Preiner-keymaera/intersection-example-simple.proof-node392708.smt2,cvc5,1,0.22405979200266302
BV/2017-Preiner-keymaera/intersection-example-simple.proof-node392932.smt2,cvc5,1,0.24198539182543755
BV/2017-Preiner-keymaera/intersection-example-simple.proof-node476763.smt2,cvc5,1,0.22682063491083682
BV/2017-Preiner-keymaera/intersection-example-simple.proof-node479619.smt2,cvc5,1,0.22205658606253564
BV/2017-Preiner-keymaera/intersection-example-simple.proof-node480617.smt2,cvc5,1,0.2206506049260497
BV/2017-Preiner-keymaera/intersection-example-simple.proof-node489032.smt2,cvc5,1,0.22786954487673938
BV/2017-Preiner-keymaera/intersection-example-simple.proof-node490015.smt2,cvc5,1,0.23461748915724456
BV/2017-Preiner-keymaera/intersection-example-simple.proof-node531822.smt2,cvc5,1,0.22532083094120026
BV/2017-Preiner-keymaera/intersection-example-simple.proof-node532347.smt2,cvc5,1,0.2243155490141362
BV/2017-Preiner-keymaera/intersection-example-simple.proof-node550261.smt2,cvc5,1,0.22331119002774358
BV/2017-Preiner-keymaera/intersection-example-simple.proof-node551039.smt2,cvc5,1,0.22369703999720514
BV/2017-Preiner-keymaera/intersection-example-simple.proof-node551337.smt2,cvc5,1,0.22323309211060405
BV/2017-Preiner-keymaera/intersection-example-simple.proof-node559749.smt2,cvc5,1,0.22233556280843914
BV/2017-Preiner-keymaera/intersection-example-simple.proof-node561763.smt2,cvc5,1,0.22337802615948021
BV/2017-Preiner-keymaera/intersection-example-simple.proof-node601673.smt2,cvc5,1,0.2510341370943934
BV/2017-Preiner-keymaera/intersection-example-simple.proof-node603436.smt2,cvc5,1,0.23654133593663573
BV/2017-Preiner-keymaera/intersection-example-simple.proof-node605043.smt2,cvc5,1,0.22524522594176233
BV/2017-Preiner-keymaera/intersection-example-simple.proof-node605258.smt2,cvc5,1,0.23057131003588438
BV/2017-Preiner-keymaera/intersection-example-simple.proof-node622752.smt2,cvc5,1,0.2329381259623915
BV/2017-Preiner-keymaera/intersection-example-simple.proof-node632840.smt2,cvc5,1,0.255373063031584
BV/2017-Preiner-keymaera/intersection-example-simple.proof-node672522.smt2,cvc5,1,0.22155959904193878
BV/2017-Preiner-keymaera/intersection-example-simple.proof-node672976.smt2,cvc5,1,0.23080992116592824
BV/2017-Preiner-keymaera/intersection-example-simple.proof-node673088.smt2,cvc5,1,0.2210135110653937
BV/2017-Preiner-keymaera/intersection-example-simple.proof-node694990.smt2,cvc5,1,0.24133063107728958
BV/2017-Preiner-keymaera/intersection-example-simple.proof-node709258.smt2,cvc5,1,0.25254352018237114
BV/2017-Preiner-keymaera/intersection-example-simple.proof-node717892.smt2,cvc5,1,0.2522111311554909
BV/2017-Preiner-keymaera/intersection-example-simple.proof-node74776.smt2,cvc5,1,0.222296176943928
BV/2017-Preiner-keymaera/intersection-example-simple.proof-node93152.smt2,cvc5,1,0.22070759092457592
BV/2017-Preiner-keymaera/rbc-controllability-characterisation-node3299.smt2,Bitwuzla,0,1201.2341679730453
BV/2017-Preiner-keymaera/to_left-node1505.smt2,Bitwuzla,1,0.24422551807947457
BV/2017-Preiner-keymaera/vsli-alert.proof-node2416.smt2,Z3alpha,1,2.0293995009269565
BV/2017-Preiner-psyco/015.smt2,YicesQS,1,0.30239314190112054
BV/2017-Preiner-psyco/033.smt2,YicesQS,1,0.5558791630901396
BV/2017-Preiner-psyco/035.smt2,YicesQS,1,0.4042049669660628
BV/2017-Preiner-psyco/083.smt2,YicesQS,1,0.36565549694933
BV/2017-Preiner-psyco/092.smt2,YicesQS,1,0.493126607965678
BV/2017-Preiner-psyco/094.smt2,Bitwuzla,1,0.31228185701183975
BV/2017-Preiner-psyco/101.smt2,Bitwuzla,1,0.9029052949044853
BV/2017-Preiner-psyco/117.smt2,YicesQS,1,0.4192188628949225
BV/2017-Preiner-psyco/133.smt2,Bitwuzla,1,0.2775895828381181
BV/2017-Preiner-psyco/137.smt2,Bitwuzla,1,0.3400020150002092
BV/2017-Preiner-psyco/148.smt2,Bitwuzla,1,0.2575658760033548
BV/2017-Preiner-psyco/150.smt2,Bitwuzla,1,0.22712590103037655
BV/2017-Preiner-psyco/160.smt2,YicesQS,1,0.28358156187459826
BV/2017-Preiner-psyco/172.smt2,YicesQS,1,0.24562395201064646
BV/2017-Preiner-scholl-smt08/RND/RND_3_1.smt2,cvc5,1,540.6051965220831
BV/2017-Preiner-scholl-smt08/RND/RND_3_18.smt2,Bitwuzla,1,1.5402459749020636
BV/2017-Preiner-scholl-smt08/RND/RND_3_24.smt2,YicesQS,0,1201.7247262001038
BV/2017-Preiner-scholl-smt08/RND/RND_3_30.smt2,YicesQS,0,1201.7130981981754
BV/2017-Preiner-scholl-smt08/RND/RND_3_4.smt2,cvc5,1,1.184989627217874
BV/2017-Preiner-scholl-smt08/RND/RND_4_11.smt2,YicesQS,1,1.2575781429186463
BV/2017-Preiner-scholl-smt08/RND/RND_4_2.smt2,Bitwuzla,1,8.049780630040914
BV/2017-Preiner-scholl-smt08/RND/RND_4_3.smt2,Z3alpha,1,0.2722030160948634
BV/2017-Preiner-scholl-smt08/RND/RND_6_25.smt2,Z3alpha,0,1201.7177026348654
BV/2017-Preiner-scholl-smt08/RND/RND_6_33.smt2,YicesQS,1,5.965046988101676
BV/2017-Preiner-scholl-smt08/RND/RND_6_36.smt2,cvc5,0,1201.7322845261078
BV/2017-Preiner-scholl-smt08/RND/RND_6_8.smt2,cvc5,1,167.22345897508785
BV/2017-Preiner-scholl-smt08/RNDPRE/RNDPRE_3_20.smt2,Bitwuzla,1,0.5216537488158792
BV/2017-Preiner-scholl-smt08/RNDPRE/RNDPRE_3_35.smt2,Z3alpha,1,3.133860701927915
BV/2017-Preiner-scholl-smt08/RNDPRE/RNDPRE_3_37.smt2,Z3alpha,1,0.3671831649262458
BV/2017-Preiner-scholl-smt08/RNDPRE/RNDPRE_3_54.smt2,Bitwuzla,1,6.520592215005308
BV/2017-Preiner-scholl-smt08/RNDPRE/RNDPRE_3_58.smt2,Z3alpha,1,0.4151966890785843
BV/2017-Preiner-scholl-smt08/RNDPRE/RNDPRE_4_27.smt2,Bitwuzla,1,12.644630694994703
BV/2017-Preiner-scholl-smt08/RNDPRE/RNDPRE_4_30.smt2,YicesQS,1,2.564020928926766
BV/2017-Preiner-scholl-smt08/RNDPRE/RNDPRE_4_33.smt2,Bitwuzla,1,2.0773017739411443
BV/2017-Preiner-scholl-smt08/RNDPRE/RNDPRE_4_36.smt2,YicesQS,1,733.0044331010431
BV/2017-Preiner-scholl-smt08/RNDPRE/RNDPRE_4_40.smt2,YicesQS,0,1201.7226342658978
BV/2017-Preiner-scholl-smt08/model/model_5_10.smt2,Bitwuzla,1,0.2637241359334439
BV/2017-Preiner-scholl-smt08/model/model_5_39.smt2,Bitwuzla,1,0.29211351415142417
BV/2017-Preiner-scholl-smt08/model/model_5_7.smt2,Z3alpha,1,0.2726203908678144
BV/2017-Preiner-scholl-smt08/model/model_6_22.smt2,Bitwuzla,1,0.24435779196210206
BV/2017-Preiner-scholl-smt08/model/model_6_24.smt2,Bitwuzla,1,0.23889443604275584
BV/2017-Preiner-scholl-smt08/model/model_6_27.smt2,Bitwuzla,1,0.2491701899562031
BV/2017-Preiner-scholl-smt08/model/model_6_44.smt2,Bitwuzla,1,0.3204551828093827
BV/2017-Preiner-scholl-smt08/model/model_6_56.smt2,Bitwuzla,1,0.2516341919545084
BV/2017-Preiner-scholl-smt08/model/model_6_58.smt2,Bitwuzla,1,0.24126681592315435
BV/2017-Preiner-scholl-smt08/model/model_6_67.smt2,Bitwuzla,1,0.2773092989809811
BV/2017-Preiner-tptp/NUM917=1.smt2,Bitwuzla,0,1201.2565046928357
BV/20170501-Heizmann-UltimateAutomizer/MultCommutative_true-unreach-call_true-no-overflow_true-termination.c_3226.smt2,YicesQS,1,0.22549654683098197
BV/20170501-Heizmann-UltimateAutomizer/jain_2_true-unreach-call_true-no-overflow.i_228.smt2,cvc5,1,1.2554048169404268
BV/20170501-Heizmann-UltimateAutomizer/jain_2_true-unreach-call_true-no-overflow.i_341.smt2,cvc5,1,1.032061547972262
BV/20170501-Heizmann-UltimateAutomizer/jain_2_true-unreach-call_true-no-overflow.i_342.smt2,cvc5,1,0.5603903150185943
BV/20170501-Heizmann-UltimateAutomizer/jain_2_true-unreach-call_true-no-overflow.i_433.smt2,cvc5,1,0.6888822179753333
BV/20170501-Heizmann-UltimateAutomizer/jain_4_true-unreach-call_true-no-overflow.i_433.smt2,cvc5,1,11.02586003090255
BV/20170501-Heizmann-UltimateAutomizer/jain_4_true-unreach-call_true-no-overflow.i_436.smt2,cvc5,1,1.2705311980098486
BV/20170501-Heizmann-UltimateAutomizer/jain_6_true-unreach-call_true-no-overflow.i_340.smt2,cvc5,1,1.4066292131319642
BV/20170501-Heizmann-UltimateAutomizer/jain_6_true-unreach-call_true-no-overflow.i_58.smt2,YicesQS,1,0.2982882398646325
BV/20170501-Heizmann-UltimateAutomizer/jain_7_true-unreach-call_true-no-overflow.i_250.smt2,YicesQS,1,0.26035871310159564
BV/20170501-Heizmann-UltimateAutomizer/jain_7_true-unreach-call_true-no-overflow.i_70.smt2,YicesQS,1,0.24655170203186572
BV/20170501-Heizmann-UltimateAutomizer/sum02_false-unreach-call_true-no-overflow.c_415.smt2,cvc5,1,240.32571885501966
BV/20170501-Heizmann-UltimateAutomizer/verisec_sendmail__tTflag_arr_one_loop_false-unreach-call.i_2400.smt2,Bitwuzla,1,2.0401998348534107
BV/2018-Preiner-cav18/check_bvsge_bvashr0_64bit.smt2,YicesQS,1,0.22693952498957515
BV/2018-Preiner-cav18/check_bvsge_bvmul_32bit.smt2,Bitwuzla,0,1201.3217311049812
BV/2018-Preiner-cav18/check_bvsge_bvmul_64bit.smt2,Bitwuzla,0,1201.3400316019543
BV/2018-Preiner-cav18/check_bvsge_bvudiv0_32bit.smt2,Bitwuzla,1,689.6218615779653
BV/2018-Preiner-cav18/check_bvsge_bvurem0_32bit.smt2,Bitwuzla,1,107.66980999102816
BV/2018-Preiner-cav18/check_bvsgt_bvand_64bit.smt2,YicesQS,1,0.23726060893386602
BV/2018-Preiner-cav18/check_bvsgt_bvconcat1_64_64bit.smt2,cvc5,1,0.2751405560411513
BV/2018-Preiner-cav18/check_bvsgt_bvurem0_32bit.smt2,Bitwuzla,1,141.89030191092752
BV/2018-Preiner-cav18/check_bvsle_bvashr0_32bit.smt2,Bitwuzla,1,0.24189684796147048
BV/2018-Preiner-cav18/check_bvsle_bvlshr0_32bit.smt2,YicesQS,1,0.2224292370956391
BV/2018-Preiner-cav18/check_bvslt_bvadd_32bit.smt2,Bitwuzla,0,1201.2861716900952
BV/2018-Preiner-cav18/check_bvslt_bvlshr0_64bit.smt2,Bitwuzla,1,0.3363648201338947
BV/2018-Preiner-cav18/check_bvslt_bvudiv1_64bit.smt2,Bitwuzla,1,0.3142069049645215
BV/2018-Preiner-cav18/check_bvuge_bvconcat0_2_64bit.smt2,cvc5,1,0.2668483580928296
BV/2018-Preiner-cav18/check_bvuge_bvconcat0_34_32bit.smt2,cvc5,1,0.25141798006370664
BV/2018-Preiner-cav18/check_bvugt_bvashr0_4bit.smt2,YicesQS,1,0.22749843914061785
BV/2018-Preiner-cav18/check_bvugt_bvshl1_64bit.smt2,Bitwuzla,1,1.2746257989201695
BV/2018-Preiner-cav18/check_bvugt_bvudiv0_64bit.smt2,Bitwuzla,0,1201.2398765750695
BV/2018-Preiner-cav18/check_bvugt_bvudiv1_32bit.smt2,Bitwuzla,1,0.2893331968225539
BV/2018-Preiner-cav18/check_bvugt_bvudiv1_64bit.smt2,Bitwuzla,1,0.2693291681353003
BV/2018-Preiner-cav18/check_bvult_bvadd_64bit.smt2,Bitwuzla,0,1201.2820036509074
BV/2018-Preiner-cav18/check_eq_bvneg_32bit.smt2,YicesQS,1,0.276394777931273
BV/2018-Preiner-cav18/check_eq_bvudiv0_64bit.smt2,Bitwuzla,0,1201.2440801721532
BV/2018-Preiner-cav18/check_eq_bvudiv1_64bit.smt2,Bitwuzla,0,1201.2568859420717
BV/2018-Preiner-cav18/check_ne_bvudiv0_64bit.smt2,Bitwuzla,1,0.2357371780090034
BV/2018-Preiner-cav18/check_ne_bvurem0_64bit.smt2,Bitwuzla,1,0.2212839280255139
BV/20190429-UltimateAutomizerSvcomp2019/jain_2_true-unreach-call_true-no-overflow_false-termination.i_1.smt2,cvc5,1,0.8751810039393604
BV/20190429-UltimateAutomizerSvcomp2019/jain_6_true-unreach-call_true-no-overflow_false-termination.i_16.smt2,cvc5,1,1.216054230928421
BV/20190429-UltimateAutomizerSvcomp2019/jain_6_true-unreach-call_true-no-overflow_false-termination.i_2.smt2,YicesQS,1,0.29071653517894447
BV/20190429-UltimateAutomizerSvcomp2019/jain_6_true-unreach-call_true-no-overflow_false-termination.i_4.smt2,cvc5,1,0.24723362107761204
BV/20190429-UltimateAutomizerSvcomp2019/jain_6_true-unreach-call_true-no-overflow_false-termination.i_6.smt2,cvc5,1,0.25187281891703606
BV/20190429-UltimateAutomizerSvcomp2019/jain_7_true-unreach-call_true-no-overflow_false-termination.i_13.smt2,cvc5,1,2.6835177440661937
BV/20190429-UltimateAutomizerSvcomp2019/jain_7_true-unreach-call_true-no-overflow_false-termination.i_19.smt2,YicesQS,1,0.23073494504205883
BV/20190429-UltimateAutomizerSvcomp2019/jain_7_true-unreach-call_true-no-overflow_false-termination.i_21.smt2,YicesQS,1,0.24298700201325119
BV/20190429-UltimateAutomizerSvcomp2019/jain_7_true-unreach-call_true-no-overflow_false-termination.i_6.smt2,cvc5,1,0.2404814639594406
BV/20190429-UltimateAutomizerSvcomp2019/soft_float_4_true-unreach-call_true-no-overflow_true-termination.c.cil.c_5.smt2,Bitwuzla,1,0.9325181469321251
BV/20190429-UltimateAutomizerSvcomp2019/soft_float_4_true-unreach-call_true-no-overflow_true-termination.c.cil.c_7.smt2,Bitwuzla,0,1201.2602099881042
BV/20190429-UltimateAutomizerSvcomp2019/soft_float_4_true-unreach-call_true-no-overflow_true-termination.c.cil.c_8.smt2,Bitwuzla,1,0.23386752209626138
BV/2020-Preiner-fmcad20/cons/check_cc_bvadd_x_s_4.smt2,Bitwuzla,1,0.2898959929589182
BV/2020-Preiner-fmcad20/cons/check_cc_bvand_x_s_4.smt2,Bitwuzla,1,0.24389146687462926
BV/2020-Preiner-fmcad20/cons/check_cc_bvslt_x_s_4.smt2,Bitwuzla,1,0.2394321442116052
BV/2020-Preiner-fmcad20/cons/check_cc_bvuge_x_s_32.smt2,Bitwuzla,1,0.24536562408320606
BV/2020-Preiner-fmcad20/cons/check_cc_bvuge_x_s_4.smt2,Bitwuzla,1,0.22126100095920265
BV/2020-Preiner-fmcad20/cons/check_cc_bvult_x_s_64.smt2,Bitwuzla,1,0.24781281501054764
BV/2020-Preiner-fmcad20/cons/check_cc_concat_x_s_32.smt2,Bitwuzla,1,0.22103123483248055
BV/2020-Preiner-fmcad20/cons/check_cc_distinct_x_s_64.smt2,Bitwuzla,1,0.24530118191614747
BV/2020-Preiner-fmcad20/cons/check_cc_udiv_x_s_32.smt2,Bitwuzla,0,1201.2973442380317
BV/2020-Preiner-fmcad20/inv/check_ic_bvlshr_x_s_32.smt2,Bitwuzla,1,0.565463072154671
BV/2020-Preiner-fmcad20/inv/check_ic_bvsge_x_s_32.smt2,Bitwuzla,1,0.25960811390541494
BV/2020-Preiner-fmcad20/inv/check_ic_bvshl_s_x_32.smt2,Bitwuzla,1,0.4806494910735637
BV/2020-Preiner-fmcad20/inv/check_ic_bvshl_x_s_32.smt2,Bitwuzla,1,0.6637101010419428
BV/2020-Preiner-fmcad20/inv/check_ic_bvurem_s_x_32.smt2,Bitwuzla,0,1201.2300787409768
BV/2020-Preiner-fmcad20/inv/check_ic_concat_s_x_32.smt2,Bitwuzla,1,0.22452828683890402
BV/2020-Preiner-fmcad20/inv/check_ic_concat_x_s_64.smt2,Bitwuzla,1,0.258454933995381
BV/2020-Preiner-fmcad20/inv/check_ic_distinct_x_s_64.smt2,Bitwuzla,1,0.33023883891291916
BV/2020-Preiner-fmcad20/inv/check_ic_sext_2_4.smt2,Bitwuzla,1,0.21785461204126477
BV/2020-Preiner-fmcad20/inv/check_ic_sext_3_4.smt2,Bitwuzla,1,0.224375544115901
BV/2020-Preiner-fmcad20/inv/check_ic_sext_4_32.smt2,Bitwuzla,1,0.23491843394003808
BV/2020-Preiner-fmcad20/inv/check_ic_sext_4_4.smt2,Bitwuzla,1,0.2505899721290916
BV/2020-Preiner-fmcad20/inv/check_ic_x_s_4.smt2,Bitwuzla,1,0.21723491209559143
BV/20210301-Alive2/oggenc/283_oggenc.smt2,Bitwuzla,0,1201.3288931099232
BV/20210301-Alive2/oggenc/363_oggenc.smt2,Bitwuzla,0,1201.345525239827
BV/20210330-PEak/extern-loop_sat_subset/hard1.smt2,Bitwuzla,0,0.5779849388636649
BV/20210330-PEak/no-extern-loop_sat_subset/hard1.smt2,Bitwuzla,0,0.6282800231128931
BV/20210330-PEak/no-extern-loop_sat_subset/medium2.smt2,Bitwuzla,0,0.5824610989075154
BV/20210330-PEak/no-extern-loop_unsat_subset/easy.smt2,Bitwuzla,1,1.2311467628460377
BV/20230321-UltimateAutomizerSvcomp2023/btor2c-eagerMod.bakery.1.prop1-func-interl.c_10.smt2,Bitwuzla,1,0.24793395004235208
BV/20230321-UltimateAutomizerSvcomp2023/btor2c-eagerMod.bakery.1.prop1-func-interl.c_11.smt2,Bitwuzla,1,0.24712606403045356
BV/20230321-UltimateAutomizerSvcomp2023/btor2c-eagerMod.bakery.1.prop1-func-interl.c_4.smt2,Bitwuzla,1,0.25780474999919534
BV/20230321-UltimateAutomizerSvcomp2023/btor2c-eagerMod.vis_arrays_vsa16a_p6.c_5.smt2,cvc5,1,3.327350423904136
BV/20230321-UltimateAutomizerSvcomp2023/btor2c-lazyMod.protocols.1.prop1-func-interl.c_0.smt2,Bitwuzla,1,0.28950188611634076
BV/20230321-UltimateAutomizerSvcomp2023/jain_2-2.c_9.smt2,cvc5,1,0.7951854849234223
BV/20230321-UltimateAutomizerSvcomp2023/jain_4-1.c_7.smt2,YicesQS,1,0.24012527684681118
BV/20230321-UltimateAutomizerSvcomp2023/jain_6-1.c_1.smt2,cvc5,1,5.415038424078375
BV/20230321-UltimateAutomizerSvcomp2023/jain_6-1.c_11.smt2,YicesQS,1,0.22768872999586165
BV/20230321-UltimateAutomizerSvcomp2023/jain_6-1.c_5.smt2,cvc5,1,4.173342391848564
BV/20230321-UltimateAutomizerSvcomp2023/jain_6-1.c_8.smt2,cvc5,1,9.290022172033787
BV/20230321-UltimateAutomizerSvcomp2023/jain_7-1.c_0.smt2,cvc5,1,3.1384364410769194
BV/20230321-UltimateAutomizerSvcomp2023/jain_7-1.c_2.smt2,YicesQS,1,0.22249144688248634
BV/20230321-UltimateAutomizerSvcomp2023/soft_float_4-1.c.cil.c_1.smt2,Bitwuzla,1,215.15498098707758
BV/20230321-UltimateAutomizerSvcomp2023/soft_float_4-1.c.cil.c_8.smt2,Bitwuzla,1,0.21934832516126335
BV/20230321-UltimateAutomizerSvcomp2023/soft_float_4-1.c.cil.c_9.smt2,Bitwuzla,1,0.23287565098144114
BV/20230321-UltimateAutomizerSvcomp2023/sum.i_0.smt2,Bitwuzla,1,0.24534974712878466
BV/llvm13-smtlib/08.smt2,Bitwuzla,1,4.287776276003569
BV/wintersteiger/fmsd13/fixpoint/AR-fixpoint-3.smt2,cvc5,1,0.22759027080610394
BV/wintersteiger/fmsd13/fixpoint/AR-fixpoint-9.smt2,cvc5,1,0.23267738497816026
BV/wintersteiger/fmsd13/fixpoint/sdlx-fixpoint-10.smt2,cvc5,0,212.28523532790132
BV/wintersteiger/fmsd13/fixpoint/small-equiv-fixpoint-6.smt2,Bitwuzla,1,0.32139869616366923
BV/wintersteiger/fmsd13/fixpoint/small-pipeline-fixpoint-9.smt2,cvc5,1,0.9155854268465191
BV/wintersteiger/fmsd13/ranking/audio_fmsynth_miniport.cpp.smt2,Bitwuzla,1,0.22853795485571027
BV/wintersteiger/fmsd13/ranking/audio_sysfx_swap.cpp.smt2,Bitwuzla,1,2.4464492339175195
BV/wintersteiger/fmsd13/ranking/filesys_filter_namelookup.c.smt2,Bitwuzla,1,2.4249664060771465
BV/wintersteiger/fmsd13/ranking/general_pcidrv_sys_hw_eeprom.c.smt2,Bitwuzla,1,0.8174575939774513
BV/wintersteiger/fmsd13/ranking/hid_hclient_ecdisp.c.smt2,Bitwuzla,1,0.2694603868294507
BV/wintersteiger/fmsd13/ranking/input_mouser_cseries.c.smt2,Bitwuzla,1,3.335161830065772
BV/wintersteiger/fmsd13/ranking/input_mouser_detect.c.smt2,Bitwuzla,1,0.2638921260368079
BV/wintersteiger/fmsd13/ranking/kmdf_osrusbfx2_exe_testapp.c.smt2,Bitwuzla,1,0.30950533505529165
BV/wintersteiger/fmsd13/ranking/kmdf_usbsamp_sys_queue.c.smt2,Bitwuzla,1,3.690145942149684
